[
{
    "model": "admin.logentry",
    "pk": 1,
    "fields": {
        "action_time": "2023-07-31T12:23:38.948Z",
        "user": 1,
        "content_type": 20,
        "object_id": "1",
        "object_repr": "Violin 1",
        "action_flag": 1,
        "change_message": "[{\"added\": {}}]"
    }
},
{
    "model": "admin.logentry",
    "pk": 2,
    "fields": {
        "action_time": "2023-07-31T12:23:51.264Z",
        "user": 1,
        "content_type": 20,
        "object_id": "2",
        "object_repr": "Violin 2",
        "action_flag": 1,
        "change_message": "[{\"added\": {}}]"
    }
},
{
    "model": "admin.logentry",
    "pk": 3,
    "fields": {
        "action_time": "2023-07-31T12:23:57.057Z",
        "user": 1,
        "content_type": 20,
        "object_id": "3",
        "object_repr": "Viola",
        "action_flag": 1,
        "change_message": "[{\"added\": {}}]"
    }
},
{
    "model": "admin.logentry",
    "pk": 4,
    "fields": {
        "action_time": "2023-07-31T12:24:02.425Z",
        "user": 1,
        "content_type": 20,
        "object_id": "4",
        "object_repr": "Cello",
        "action_flag": 1,
        "change_message": "[{\"added\": {}}]"
    }
},
{
    "model": "admin.logentry",
    "pk": 5,
    "fields": {
        "action_time": "2023-07-31T12:24:10.141Z",
        "user": 1,
        "content_type": 20,
        "object_id": "5",
        "object_repr": "Double Bass",
        "action_flag": 1,
        "change_message": "[{\"added\": {}}]"
    }
},
{
    "model": "admin.logentry",
    "pk": 6,
    "fields": {
        "action_time": "2023-07-31T12:29:54.613Z",
        "user": 1,
        "content_type": 4,
        "object_id": "2",
        "object_repr": "test-Vln1-section-member",
        "action_flag": 1,
        "change_message": "[{\"added\": {}}]"
    }
},
{
    "model": "admin.logentry",
    "pk": 7,
    "fields": {
        "action_time": "2023-07-31T12:30:18.177Z",
        "user": 1,
        "content_type": 4,
        "object_id": "3",
        "object_repr": "test-Vln1-rota-manager",
        "action_flag": 1,
        "change_message": "[{\"added\": {}}]"
    }
},
{
    "model": "admin.logentry",
    "pk": 8,
    "fields": {
        "action_time": "2023-07-31T12:30:39.376Z",
        "user": 1,
        "content_type": 4,
        "object_id": "4",
        "object_repr": "test-Vln2-section-member",
        "action_flag": 1,
        "change_message": "[{\"added\": {}}]"
    }
},
{
    "model": "admin.logentry",
    "pk": 9,
    "fields": {
        "action_time": "2023-07-31T12:30:59.108Z",
        "user": 1,
        "content_type": 4,
        "object_id": "5",
        "object_repr": "test-Vln2-rota-manager",
        "action_flag": 1,
        "change_message": "[{\"added\": {}}]"
    }
},
{
    "model": "admin.logentry",
    "pk": 10,
    "fields": {
        "action_time": "2023-07-31T12:31:19.326Z",
        "user": 1,
        "content_type": 4,
        "object_id": "6",
        "object_repr": "test-Vla-section-member",
        "action_flag": 1,
        "change_message": "[{\"added\": {}}]"
    }
},
{
    "model": "admin.logentry",
    "pk": 11,
    "fields": {
        "action_time": "2023-07-31T12:31:50.572Z",
        "user": 1,
        "content_type": 4,
        "object_id": "7",
        "object_repr": "test-Vla-rota-manager",
        "action_flag": 1,
        "change_message": "[{\"added\": {}}]"
    }
},
{
    "model": "admin.logentry",
    "pk": 12,
    "fields": {
        "action_time": "2023-07-31T12:32:10.985Z",
        "user": 1,
        "content_type": 4,
        "object_id": "8",
        "object_repr": "test-Vlc-section-member",
        "action_flag": 1,
        "change_message": "[{\"added\": {}}]"
    }
},
{
    "model": "admin.logentry",
    "pk": 13,
    "fields": {
        "action_time": "2023-07-31T12:33:17.816Z",
        "user": 1,
        "content_type": 4,
        "object_id": "9",
        "object_repr": "test-Vlc-rota-manager",
        "action_flag": 1,
        "change_message": "[{\"added\": {}}]"
    }
},
{
    "model": "admin.logentry",
    "pk": 14,
    "fields": {
        "action_time": "2023-07-31T12:33:35.723Z",
        "user": 1,
        "content_type": 4,
        "object_id": "10",
        "object_repr": "test-Db-section-member",
        "action_flag": 1,
        "change_message": "[{\"added\": {}}]"
    }
},
{
    "model": "admin.logentry",
    "pk": 15,
    "fields": {
        "action_time": "2023-07-31T12:33:57.473Z",
        "user": 1,
        "content_type": 4,
        "object_id": "11",
        "object_repr": "test-Db-rota-manager",
        "action_flag": 1,
        "change_message": "[{\"added\": {}}]"
    }
},
{
    "model": "admin.logentry",
    "pk": 16,
    "fields": {
        "action_time": "2023-07-31T12:34:16.379Z",
        "user": 1,
        "content_type": 4,
        "object_id": "12",
        "object_repr": "test-orch-manager",
        "action_flag": 1,
        "change_message": "[{\"added\": {}}]"
    }
},
{
    "model": "admin.logentry",
    "pk": 17,
    "fields": {
        "action_time": "2023-07-31T12:35:31.922Z",
        "user": 1,
        "content_type": 3,
        "object_id": "1",
        "object_repr": "Player",
        "action_flag": 1,
        "change_message": "[{\"added\": {}}]"
    }
},
{
    "model": "admin.logentry",
    "pk": 18,
    "fields": {
        "action_time": "2023-07-31T12:37:56.741Z",
        "user": 1,
        "content_type": 3,
        "object_id": "2",
        "object_repr": "Rota_Manager",
        "action_flag": 1,
        "change_message": "[{\"added\": {}}]"
    }
},
{
    "model": "admin.logentry",
    "pk": 19,
    "fields": {
        "action_time": "2023-07-31T12:40:07.462Z",
        "user": 1,
        "content_type": 3,
        "object_id": "3",
        "object_repr": "Office",
        "action_flag": 1,
        "change_message": "[{\"added\": {}}]"
    }
},
{
    "model": "admin.logentry",
    "pk": 20,
    "fields": {
        "action_time": "2023-07-31T12:40:34.157Z",
        "user": 1,
        "content_type": 4,
        "object_id": "1",
        "object_repr": "admin",
        "action_flag": 2,
        "change_message": "[{\"changed\": {\"fields\": [\"First name\", \"Last name\"]}}]"
    }
},
{
    "model": "admin.logentry",
    "pk": 21,
    "fields": {
        "action_time": "2023-07-31T12:41:08.157Z",
        "user": 1,
        "content_type": 4,
        "object_id": "11",
        "object_repr": "test-Db-rota-manager",
        "action_flag": 2,
        "change_message": "[{\"changed\": {\"fields\": [\"First name\", \"Last name\", \"Groups\"]}}]"
    }
},
{
    "model": "admin.logentry",
    "pk": 22,
    "fields": {
        "action_time": "2023-07-31T12:41:50.770Z",
        "user": 1,
        "content_type": 4,
        "object_id": "10",
        "object_repr": "test-Db-section-member",
        "action_flag": 2,
        "change_message": "[{\"changed\": {\"fields\": [\"First name\", \"Last name\", \"Groups\"]}}]"
    }
},
{
    "model": "admin.logentry",
    "pk": 23,
    "fields": {
        "action_time": "2023-07-31T12:42:24.595Z",
        "user": 1,
        "content_type": 4,
        "object_id": "7",
        "object_repr": "test-Vla-rota-manager",
        "action_flag": 2,
        "change_message": "[{\"changed\": {\"fields\": [\"First name\", \"Last name\", \"Groups\"]}}]"
    }
},
{
    "model": "admin.logentry",
    "pk": 24,
    "fields": {
        "action_time": "2023-07-31T12:42:48.022Z",
        "user": 1,
        "content_type": 4,
        "object_id": "6",
        "object_repr": "test-Vla-section-member",
        "action_flag": 2,
        "change_message": "[{\"changed\": {\"fields\": [\"First name\", \"Last name\", \"Groups\"]}}]"
    }
},
{
    "model": "admin.logentry",
    "pk": 25,
    "fields": {
        "action_time": "2023-07-31T12:43:16.404Z",
        "user": 1,
        "content_type": 4,
        "object_id": "9",
        "object_repr": "test-Vlc-rota-manager",
        "action_flag": 2,
        "change_message": "[{\"changed\": {\"fields\": [\"First name\", \"Last name\", \"Groups\"]}}]"
    }
},
{
    "model": "admin.logentry",
    "pk": 26,
    "fields": {
        "action_time": "2023-07-31T12:44:00.858Z",
        "user": 1,
        "content_type": 4,
        "object_id": "8",
        "object_repr": "test-Vlc-section-member",
        "action_flag": 2,
        "change_message": "[{\"changed\": {\"fields\": [\"First name\", \"Last name\", \"Groups\"]}}]"
    }
},
{
    "model": "admin.logentry",
    "pk": 27,
    "fields": {
        "action_time": "2023-07-31T12:45:06.701Z",
        "user": 1,
        "content_type": 4,
        "object_id": "3",
        "object_repr": "test-Vln1-rota-manager",
        "action_flag": 2,
        "change_message": "[{\"changed\": {\"fields\": [\"First name\", \"Last name\", \"Groups\"]}}]"
    }
},
{
    "model": "admin.logentry",
    "pk": 28,
    "fields": {
        "action_time": "2023-07-31T12:45:37.411Z",
        "user": 1,
        "content_type": 4,
        "object_id": "2",
        "object_repr": "test-Vln1-section-member",
        "action_flag": 2,
        "change_message": "[{\"changed\": {\"fields\": [\"First name\", \"Last name\", \"Groups\"]}}]"
    }
},
{
    "model": "admin.logentry",
    "pk": 29,
    "fields": {
        "action_time": "2023-07-31T12:46:07.859Z",
        "user": 1,
        "content_type": 4,
        "object_id": "5",
        "object_repr": "test-Vln2-rota-manager",
        "action_flag": 2,
        "change_message": "[{\"changed\": {\"fields\": [\"First name\", \"Last name\", \"Groups\"]}}]"
    }
},
{
    "model": "admin.logentry",
    "pk": 30,
    "fields": {
        "action_time": "2023-07-31T12:46:40.192Z",
        "user": 1,
        "content_type": 4,
        "object_id": "4",
        "object_repr": "test-Vln2-section-member",
        "action_flag": 2,
        "change_message": "[{\"changed\": {\"fields\": [\"First name\", \"Last name\", \"Groups\"]}}]"
    }
},
{
    "model": "admin.logentry",
    "pk": 31,
    "fields": {
        "action_time": "2023-07-31T12:47:07.642Z",
        "user": 1,
        "content_type": 4,
        "object_id": "12",
        "object_repr": "test-orch-manager",
        "action_flag": 2,
        "change_message": "[{\"changed\": {\"fields\": [\"First name\", \"Last name\", \"Groups\"]}}]"
    }
},
{
    "model": "admin.logentry",
    "pk": 32,
    "fields": {
        "action_time": "2023-07-31T12:47:18.992Z",
        "user": 1,
        "content_type": 4,
        "object_id": "12",
        "object_repr": "test-orch-manager",
        "action_flag": 2,
        "change_message": "[{\"changed\": {\"fields\": [\"Staff status\"]}}]"
    }
},
{
    "model": "admin.logentry",
    "pk": 33,
    "fields": {
        "action_time": "2023-07-31T12:53:58.094Z",
        "user": 1,
        "content_type": 14,
        "object_id": "45",
        "object_repr": "test-db rota-manager",
        "action_flag": 1,
        "change_message": "[{\"added\": {}}]"
    }
},
{
    "model": "admin.logentry",
    "pk": 34,
    "fields": {
        "action_time": "2023-07-31T12:54:23.859Z",
        "user": 1,
        "content_type": 14,
        "object_id": "46",
        "object_repr": "test-db section-member",
        "action_flag": 1,
        "change_message": "[{\"added\": {}}]"
    }
},
{
    "model": "admin.logentry",
    "pk": 35,
    "fields": {
        "action_time": "2023-07-31T12:54:52.315Z",
        "user": 1,
        "content_type": 14,
        "object_id": "47",
        "object_repr": "test-Viola rota-manager",
        "action_flag": 1,
        "change_message": "[{\"added\": {}}]"
    }
},
{
    "model": "admin.logentry",
    "pk": 36,
    "fields": {
        "action_time": "2023-07-31T12:55:09.968Z",
        "user": 1,
        "content_type": 14,
        "object_id": "48",
        "object_repr": "test-Viola section-member",
        "action_flag": 1,
        "change_message": "[{\"added\": {}}]"
    }
},
{
    "model": "admin.logentry",
    "pk": 37,
    "fields": {
        "action_time": "2023-07-31T12:55:39.474Z",
        "user": 1,
        "content_type": 14,
        "object_id": "49",
        "object_repr": "test-Vlc rota-manager",
        "action_flag": 1,
        "change_message": "[{\"added\": {}}]"
    }
},
{
    "model": "admin.logentry",
    "pk": 38,
    "fields": {
        "action_time": "2023-07-31T12:55:58.137Z",
        "user": 1,
        "content_type": 14,
        "object_id": "50",
        "object_repr": "test-Vlc section-member",
        "action_flag": 1,
        "change_message": "[{\"added\": {}}]"
    }
},
{
    "model": "admin.logentry",
    "pk": 39,
    "fields": {
        "action_time": "2023-07-31T12:56:21.828Z",
        "user": 1,
        "content_type": 14,
        "object_id": "51",
        "object_repr": "test-Violin-1 rota-manager",
        "action_flag": 1,
        "change_message": "[{\"added\": {}}]"
    }
},
{
    "model": "admin.logentry",
    "pk": 40,
    "fields": {
        "action_time": "2023-07-31T12:56:42.078Z",
        "user": 1,
        "content_type": 14,
        "object_id": "52",
        "object_repr": "test-Violin-1 section-member",
        "action_flag": 1,
        "change_message": "[{\"added\": {}}]"
    }
},
{
    "model": "admin.logentry",
    "pk": 41,
    "fields": {
        "action_time": "2023-07-31T12:57:01.386Z",
        "user": 1,
        "content_type": 14,
        "object_id": "53",
        "object_repr": "test-Violin-2 rota-manager",
        "action_flag": 1,
        "change_message": "[{\"added\": {}}]"
    }
},
{
    "model": "admin.logentry",
    "pk": 42,
    "fields": {
        "action_time": "2023-07-31T12:57:18.371Z",
        "user": 1,
        "content_type": 14,
        "object_id": "54",
        "object_repr": "test-Violin-2 rota-manager",
        "action_flag": 1,
        "change_message": "[{\"added\": {}}]"
    }
},
{
    "model": "admin.logentry",
    "pk": 43,
    "fields": {
        "action_time": "2023-07-31T12:59:53.693Z",
        "user": 1,
        "content_type": 14,
        "object_id": "45",
        "object_repr": "test-db rota-manager",
        "action_flag": 2,
        "change_message": "[]"
    }
},
{
    "model": "admin.logentry",
    "pk": 44,
    "fields": {
        "action_time": "2023-07-31T13:26:57.822Z",
        "user": 1,
        "content_type": 16,
        "object_id": "1",
        "object_repr": "Recording Sessions for Disney",
        "action_flag": 2,
        "change_message": "[{\"changed\": {\"fields\": [\"Repertoire name\", \"Seating plan\", \"Sessions\"]}}]"
    }
},
{
    "model": "admin.logentry",
    "pk": 45,
    "fields": {
        "action_time": "2023-07-31T13:27:23.488Z",
        "user": 1,
        "content_type": 16,
        "object_id": "2",
        "object_repr": "22:23 Season #7",
        "action_flag": 2,
        "change_message": "[{\"changed\": {\"fields\": [\"Repertoire name\", \"Seating plan\", \"Sessions\"]}}]"
    }
},
{
    "model": "admin.logentry",
    "pk": 46,
    "fields": {
        "action_time": "2023-07-31T13:27:47.226Z",
        "user": 1,
        "content_type": 16,
        "object_id": "3",
        "object_repr": "22:23 Matinee Kellen Gray",
        "action_flag": 2,
        "change_message": "[{\"changed\": {\"fields\": [\"Repertoire name\", \"Seating plan\", \"Sessions\"]}}]"
    }
},
{
    "model": "admin.logentry",
    "pk": 47,
    "fields": {
        "action_time": "2023-07-31T13:28:27.895Z",
        "user": 1,
        "content_type": 16,
        "object_id": "4",
        "object_repr": "Recording sessions: RSNO Own Label for Engage projects",
        "action_flag": 2,
        "change_message": "[{\"changed\": {\"fields\": [\"Repertoire name\", \"Seating plan\", \"Sessions\"]}}]"
    }
},
{
    "model": "admin.logentry",
    "pk": 48,
    "fields": {
        "action_time": "2023-07-31T13:28:54.387Z",
        "user": 1,
        "content_type": 16,
        "object_id": "5",
        "object_repr": "probably PACT recording: Operation Hummingbird",
        "action_flag": 2,
        "change_message": "[{\"changed\": {\"fields\": [\"Repertoire name\", \"Seating plan\", \"Sessions\"]}}]"
    }
},
{
    "model": "admin.logentry",
    "pk": 49,
    "fields": {
        "action_time": "2023-07-31T13:29:59.919Z",
        "user": 1,
        "content_type": 16,
        "object_id": "6",
        "object_repr": "22:23 Season #8",
        "action_flag": 2,
        "change_message": "[{\"changed\": {\"fields\": [\"Repertoire name\", \"Seating plan\", \"Sessions\"]}}]"
    }
},
{
    "model": "admin.logentry",
    "pk": 50,
    "fields": {
        "action_time": "2023-07-31T13:30:41.305Z",
        "user": 1,
        "content_type": 16,
        "object_id": "7",
        "object_repr": "22:23 CCC x RSNO: Christmas",
        "action_flag": 2,
        "change_message": "[{\"changed\": {\"fields\": [\"Repertoire name\", \"Seating plan\", \"Sessions\"]}}]"
    }
},
{
    "model": "admin.logentry",
    "pk": 51,
    "fields": {
        "action_time": "2023-07-31T13:32:20.666Z",
        "user": 1,
        "content_type": 16,
        "object_id": "9",
        "object_repr": "Potential PACT project via Talkington",
        "action_flag": 2,
        "change_message": "[{\"changed\": {\"fields\": [\"Repertoire name\", \"Seating plan\", \"Sessions\"]}}]"
    }
},
{
    "model": "admin.logentry",
    "pk": 52,
    "fields": {
        "action_time": "2023-07-31T13:34:55.145Z",
        "user": 1,
        "content_type": 16,
        "object_id": "10",
        "object_repr": "22:23 Season #9",
        "action_flag": 2,
        "change_message": "[{\"changed\": {\"fields\": [\"Repertoire name\", \"Seating plan\", \"Sessions\"]}}]"
    }
},
{
    "model": "admin.logentry",
    "pk": 53,
    "fields": {
        "action_time": "2023-07-31T13:35:45.690Z",
        "user": 1,
        "content_type": 16,
        "object_id": "11",
        "object_repr": "West End International 2022",
        "action_flag": 2,
        "change_message": "[{\"changed\": {\"fields\": [\"Repertoire name\", \"Seating plan\", \"Sessions\"]}}]"
    }
},
{
    "model": "admin.logentry",
    "pk": 54,
    "fields": {
        "action_time": "2023-07-31T21:03:07.816Z",
        "user": 1,
        "content_type": 21,
        "object_id": "1",
        "object_repr": "Cello 22:23 Matinee Kellen Gray Betsy Taylor 1",
        "action_flag": 1,
        "change_message": "[{\"added\": {}}]"
    }
},
{
    "model": "admin.logentry",
    "pk": 55,
    "fields": {
        "action_time": "2023-07-31T21:19:20.707Z",
        "user": 1,
        "content_type": 15,
        "object_id": "123",
        "object_repr": "Betsy Taylor 22:23 Matinee Kellen Gray",
        "action_flag": 2,
        "change_message": "[{\"changed\": {\"fields\": [\"Performance status\"]}}]"
    }
},
{
    "model": "admin.logentry",
    "pk": 56,
    "fields": {
        "action_time": "2023-08-01T15:57:26.955Z",
        "user": 1,
        "content_type": 20,
        "object_id": "1",
        "object_repr": "Violin 1",
        "action_flag": 2,
        "change_message": "[{\"changed\": {\"fields\": [\"Players\", \"Default strength\"]}}]"
    }
},
{
    "model": "admin.logentry",
    "pk": 57,
    "fields": {
        "action_time": "2023-08-01T15:58:03.702Z",
        "user": 1,
        "content_type": 20,
        "object_id": "2",
        "object_repr": "Violin 2",
        "action_flag": 2,
        "change_message": "[{\"changed\": {\"fields\": [\"Players\", \"Default strength\"]}}]"
    }
},
{
    "model": "admin.logentry",
    "pk": 58,
    "fields": {
        "action_time": "2023-08-01T15:58:37.532Z",
        "user": 1,
        "content_type": 20,
        "object_id": "3",
        "object_repr": "Viola",
        "action_flag": 2,
        "change_message": "[{\"changed\": {\"fields\": [\"Players\", \"Default strength\"]}}]"
    }
},
{
    "model": "admin.logentry",
    "pk": 59,
    "fields": {
        "action_time": "2023-08-01T15:59:02.790Z",
        "user": 1,
        "content_type": 20,
        "object_id": "3",
        "object_repr": "Viola",
        "action_flag": 2,
        "change_message": "[]"
    }
},
{
    "model": "admin.logentry",
    "pk": 60,
    "fields": {
        "action_time": "2023-08-01T15:59:23.933Z",
        "user": 1,
        "content_type": 20,
        "object_id": "4",
        "object_repr": "Cello",
        "action_flag": 2,
        "change_message": "[{\"changed\": {\"fields\": [\"Players\", \"Default strength\"]}}]"
    }
},
{
    "model": "admin.logentry",
    "pk": 61,
    "fields": {
        "action_time": "2023-08-01T15:59:51.920Z",
        "user": 1,
        "content_type": 20,
        "object_id": "5",
        "object_repr": "Double Bass",
        "action_flag": 2,
        "change_message": "[{\"changed\": {\"fields\": [\"Players\", \"Default strength\"]}}]"
    }
},
{
    "model": "admin.logentry",
    "pk": 62,
    "fields": {
        "action_time": "2023-08-01T16:00:01.637Z",
        "user": 1,
        "content_type": 20,
        "object_id": "1",
        "object_repr": "Violin 1",
        "action_flag": 2,
        "change_message": "[{\"changed\": {\"fields\": [\"Players\"]}}]"
    }
},
{
    "model": "admin.logentry",
    "pk": 63,
    "fields": {
        "action_time": "2023-08-01T16:00:09.409Z",
        "user": 1,
        "content_type": 20,
        "object_id": "2",
        "object_repr": "Violin 2",
        "action_flag": 2,
        "change_message": "[{\"changed\": {\"fields\": [\"Players\"]}}]"
    }
},
{
    "model": "admin.logentry",
    "pk": 64,
    "fields": {
        "action_time": "2023-08-01T16:00:19.166Z",
        "user": 1,
        "content_type": 20,
        "object_id": "3",
        "object_repr": "Viola",
        "action_flag": 2,
        "change_message": "[{\"changed\": {\"fields\": [\"Players\"]}}]"
    }
},
{
    "model": "admin.logentry",
    "pk": 65,
    "fields": {
        "action_time": "2023-08-01T16:00:56.051Z",
        "user": 1,
        "content_type": 20,
        "object_id": "4",
        "object_repr": "Cello",
        "action_flag": 2,
        "change_message": "[{\"changed\": {\"fields\": [\"Players\"]}}]"
    }
},
{
    "model": "auth.group",
    "pk": 1,
    "fields": {
        "name": "Player",
        "permissions": [
            29,
            30,
            31,
            32,
            33,
            34,
            35,
            36,
            56,
            60,
            64,
            68,
            72,
            84,
            80,
            76
        ]
    }
},
{
    "model": "auth.group",
    "pk": 2,
    "fields": {
        "name": "Rota_Manager",
        "permissions": [
            29,
            30,
            31,
            32,
            33,
            34,
            35,
            36,
            53,
            54,
            55,
            56,
            58,
            60,
            64,
            68,
            69,
            70,
            71,
            72,
            81,
            82,
            83,
            84,
            80,
            76
        ]
    }
},
{
    "model": "auth.group",
    "pk": 3,
    "fields": {
        "name": "Office",
        "permissions": [
            29,
            30,
            31,
            32,
            33,
            34,
            35,
            36,
            13,
            14,
            15,
            16,
            21,
            22,
            23,
            24,
            53,
            54,
            55,
            56,
            57,
            58,
            59,
            60,
            61,
            62,
            63,
            64,
            65,
            66,
            67,
            68,
            69,
            70,
            71,
            72,
            81,
            82,
            83,
            84,
            77,
            78,
            79,
            80,
            73,
            74,
            75,
            76
        ]
    }
},
{
    "model": "auth.user",
    "pk": 1,
    "fields": {
        "password": "pbkdf2_sha256$260000$JFaJUgXOEuBVGDqJFejT26$4l9kNxqiLQxfvBTYZLRw0XGB8UZQ7eBzQ8gTJ1W9Mfg=",
        "last_login": "2023-08-01T15:56:10.745Z",
        "is_superuser": true,
        "username": "admin",
        "first_name": "Super",
        "last_name": "User",
        "email": "",
        "is_staff": true,
        "is_active": true,
        "date_joined": "2023-07-31T12:13:27Z",
        "groups": [],
        "user_permissions": []
    }
},
{
    "model": "auth.user",
    "pk": 2,
    "fields": {
        "password": "pbkdf2_sha256$260000$EjO3cAdSsuv3qsizIIAFha$RyIz8DfdNNiVzCyZYpGqkbwrtsqqN+sIRIkLdw27trE=",
        "last_login": null,
        "is_superuser": false,
        "username": "test-Vln1-section-member",
        "first_name": "test-Vln1",
        "last_name": "section-member",
        "email": "",
        "is_staff": false,
        "is_active": true,
        "date_joined": "2023-07-31T12:29:54Z",
        "groups": [
            1
        ],
        "user_permissions": []
    }
},
{
    "model": "auth.user",
    "pk": 3,
    "fields": {
        "password": "pbkdf2_sha256$260000$9FbQVHoOsHyqRhzziKYVvy$vQgclBfGcuf6EZ1qoFX/xbLHVen4Z4c30e0qDpao7xQ=",
        "last_login": null,
        "is_superuser": false,
        "username": "test-Vln1-rota-manager",
        "first_name": "test-Vln1",
        "last_name": "rota-manager",
        "email": "",
        "is_staff": false,
        "is_active": true,
        "date_joined": "2023-07-31T12:30:18Z",
        "groups": [
            1,
            2
        ],
        "user_permissions": []
    }
},
{
    "model": "auth.user",
    "pk": 4,
    "fields": {
        "password": "pbkdf2_sha256$260000$T9Qvw2zY4EgGqpzsVnQ6bu$ItQtKzPi3Im50DfoqdFAlQq7aRxnz4cR6VxaqHbjBvU=",
        "last_login": null,
        "is_superuser": false,
        "username": "test-Vln2-section-member",
        "first_name": "test-Vln2",
        "last_name": "section-member",
        "email": "",
        "is_staff": false,
        "is_active": true,
        "date_joined": "2023-07-31T12:30:39Z",
        "groups": [
            1
        ],
        "user_permissions": []
    }
},
{
    "model": "auth.user",
    "pk": 5,
    "fields": {
        "password": "pbkdf2_sha256$260000$n0GwDVl2RYve6UwZKEs2t5$qok3bEkt27cUqLClctpV5moONwfxLn7JDv8IQWOd+ZM=",
        "last_login": null,
        "is_superuser": false,
        "username": "test-Vln2-rota-manager",
        "first_name": "test-Vln2",
        "last_name": "rota-manager",
        "email": "",
        "is_staff": false,
        "is_active": true,
        "date_joined": "2023-07-31T12:30:59Z",
        "groups": [
            1,
            2
        ],
        "user_permissions": []
    }
},
{
    "model": "auth.user",
    "pk": 6,
    "fields": {
        "password": "pbkdf2_sha256$260000$opzKHijpSC8GaPNVa04OPQ$zeKlT5Q7sT3f0zTu8wXMFl86aIPj1q8XFSs9tAfb5fQ=",
        "last_login": null,
        "is_superuser": false,
        "username": "test-Vla-section-member",
        "first_name": "test-Vla",
        "last_name": "section-member",
        "email": "",
        "is_staff": false,
        "is_active": true,
        "date_joined": "2023-07-31T12:31:19Z",
        "groups": [
            1
        ],
        "user_permissions": []
    }
},
{
    "model": "auth.user",
    "pk": 7,
    "fields": {
        "password": "pbkdf2_sha256$260000$4RsUsE774mmhiNkes7FbgZ$cfZxalBRuJzyczYofx3yMjaWf+0d8dt0KNDmNwVCo6k=",
        "last_login": null,
        "is_superuser": false,
        "username": "test-Vla-rota-manager",
        "first_name": "test-Vla",
        "last_name": "rota-manager",
        "email": "",
        "is_staff": false,
        "is_active": true,
        "date_joined": "2023-07-31T12:31:50Z",
        "groups": [
            1,
            2
        ],
        "user_permissions": []
    }
},
{
    "model": "auth.user",
    "pk": 8,
    "fields": {
        "password": "pbkdf2_sha256$260000$Z2sVsRFvFXjVo2z7moNdsK$YiwZRd0UCCGHCE0Lx5bKx11z45/af7KCUTgQyG5UxiY=",
        "last_login": null,
        "is_superuser": false,
        "username": "test-Vlc-section-member",
        "first_name": "test-Vlc",
        "last_name": "section-member",
        "email": "",
        "is_staff": false,
        "is_active": true,
        "date_joined": "2023-07-31T12:32:10Z",
        "groups": [
            1
        ],
        "user_permissions": []
    }
},
{
    "model": "auth.user",
    "pk": 9,
    "fields": {
        "password": "pbkdf2_sha256$260000$SGFldxNzX0YKNfVDRVCkGT$qkHfBz/7H0J95sUC0PsvzaJArWYGvdH6b6iAayzCbcI=",
        "last_login": "2023-07-31T21:19:36.640Z",
        "is_superuser": false,
        "username": "test-Vlc-rota-manager",
        "first_name": "test-Vlc",
        "last_name": "rota-manager",
        "email": "",
        "is_staff": false,
        "is_active": true,
        "date_joined": "2023-07-31T12:33:17Z",
        "groups": [
            1,
            2
        ],
        "user_permissions": []
    }
},
{
    "model": "auth.user",
    "pk": 10,
    "fields": {
        "password": "pbkdf2_sha256$260000$ez9Wl9gDrNe05XSJZHA8Sf$o5J3fFB3V4Bkhqqa5QyQjrsQq6BGoDBRHyKMy17i7X0=",
        "last_login": "2023-07-31T13:00:13.925Z",
        "is_superuser": false,
        "username": "test-Db-section-member",
        "first_name": "test-Db",
        "last_name": "section-member",
        "email": "",
        "is_staff": false,
        "is_active": true,
        "date_joined": "2023-07-31T12:33:35Z",
        "groups": [
            1
        ],
        "user_permissions": []
    }
},
{
    "model": "auth.user",
    "pk": 11,
    "fields": {
        "password": "pbkdf2_sha256$260000$PBzB4wvMqjuRCc9oBi374o$zD/GjqnJyok7PUSZdby3BXpj4i+hmck8X7jVGxe741o=",
        "last_login": "2023-07-31T14:25:04.424Z",
        "is_superuser": false,
        "username": "test-Db-rota-manager",
        "first_name": "test-Db",
        "last_name": "rota-manager",
        "email": "",
        "is_staff": false,
        "is_active": true,
        "date_joined": "2023-07-31T12:33:57Z",
        "groups": [
            1,
            2
        ],
        "user_permissions": []
    }
},
{
    "model": "auth.user",
    "pk": 12,
    "fields": {
        "password": "pbkdf2_sha256$260000$q6kFIWIM2lY9Ywd3LHsRYg$D8ud6Fep9/QuqaVBz/Qz45nU/EphcIpgwaU3ZIAqvqo=",
        "last_login": null,
        "is_superuser": false,
        "username": "test-orch-manager",
        "first_name": "test-orch",
        "last_name": "manager",
        "email": "",
        "is_staff": true,
        "is_active": true,
        "date_joined": "2023-07-31T12:34:16Z",
        "groups": [
            3
        ],
        "user_permissions": []
    }
},
{
    "model": "sessions.session",
    "pk": "neyhypsaas3eshgtfwklnx3xdkoa1607",
    "fields": {
        "session_data": ".eJxVjMsOwiAQRf-FtSHD0-LSvd9ABhgsasCUNtEY_12bdKHbe849L-ZxmUe_dJp8SezABNv9bgHjleoK0gXrufHY6jyVwFeFb7TzU0t0O27uX2DEPn7fQw7OymBERAN5AKWl1NoRyCj3yYJEF51RVlgAUC4SZCeDEMIYpTO6Ndqp99Kqp8e9TE92gPcHQgs9qw:1qQrjG:PyBd0Kj0W1uBJUNtcSw5-x1R8bagFFI230t2MBBCSrk",
        "expire_date": "2023-08-15T15:56:10.751Z"
    }
},
{
    "model": "sites.site",
    "pk": 1,
    "fields": {
        "domain": "example.com",
        "name": "example.com"
    }
},
{
    "model": "string_rota.repertoire",
    "pk": 1,
    "fields": {
        "name": "Budget Place Holder: Contract-strength",
        "instrumentation": "14.12.10.8.6"
    }
},
{
    "model": "string_rota.repertoire",
    "pk": 2,
    "fields": {
        "name": "James MacMillan: Larghetto for Orchestra",
        "instrumentation": "14.12.10.8.6"
    }
},
{
    "model": "string_rota.repertoire",
    "pk": 3,
    "fields": {
        "name": "Beethoven: Symphony No. 7 in A Major, Op. 92",
        "instrumentation": "14.12.10.8.6                                                                                                                                                                                                                                                 "
    }
},
{
    "model": "string_rota.repertoire",
    "pk": 4,
    "fields": {
        "name": "Grieg: Piano Concerto in A Minor, Op. 16",
        "instrumentation": "14.12.10.8.6"
    }
},
{
    "model": "string_rota.repertoire",
    "pk": 5,
    "fields": {
        "name": "Walker: Lyric for Strings",
        "instrumentation": "12.10.8.6.4"
    }
},
{
    "model": "string_rota.repertoire",
    "pk": 6,
    "fields": {
        "name": "Still: Symphony No. 1 in A-flat Major, \"Afro-American\"",
        "instrumentation": "12.10.8.6.4"
    }
},
{
    "model": "string_rota.repertoire",
    "pk": 7,
    "fields": {
        "name": "Dawson: Negro Folk Symphony",
        "instrumentation": "12.10.8.6.4"
    }
},
{
    "model": "string_rota.repertoire",
    "pk": 8,
    "fields": {
        "name": "Johann Strauss II: On the Beautiful Blue Danube, Waltzes, Op. 314",
        "instrumentation": "12.10.8.6.4"
    }
},
{
    "model": "string_rota.repertoire",
    "pk": 9,
    "fields": {
        "name": "Mascagni: Intermezzo sinfonico from <Cavalleria rusticana>",
        "instrumentation": "12.10.8.6.4"
    }
},
{
    "model": "string_rota.repertoire",
    "pk": 10,
    "fields": {
        "name": "Mendelssohn: Scherzo from the Incidental Music to <A Midsummer Night's Dream, Op. 61>",
        "instrumentation": "12.10.8.6.4"
    }
},
{
    "model": "string_rota.repertoire",
    "pk": 11,
    "fields": {
        "name": "Fauré: Pavane, Op. 50",
        "instrumentation": "12.10.8.6.4"
    }
},
{
    "model": "string_rota.repertoire",
    "pk": 12,
    "fields": {
        "name": "Bizet: Prelude to Act I from <Carmen>",
        "instrumentation": "12.10.8.6.4"
    }
},
{
    "model": "string_rota.repertoire",
    "pk": 13,
    "fields": {
        "name": "Mozart: Overture,  The Marriage of Figaro [Le Nozze di Figaro], K. 492",
        "instrumentation": "12.10.8.6.4"
    }
},
{
    "model": "string_rota.repertoire",
    "pk": 14,
    "fields": {
        "name": "Humperdinck: Prelude to Hänsel and Gretel",
        "instrumentation": "12.10.8.6.4"
    }
},
{
    "model": "string_rota.repertoire",
    "pk": 15,
    "fields": {
        "name": "Budget Place Holder: Luan Hui: Operation Hummingbird",
        "instrumentation": "10.8.6.6.3"
    }
},
{
    "model": "string_rota.repertoire",
    "pk": 16,
    "fields": {
        "name": "Prokofiev: Romeo and Juliet, selections from the ballet, Op. 64",
        "instrumentation": "14.12.10.8.6"
    }
},
{
    "model": "string_rota.repertoire",
    "pk": 17,
    "fields": {
        "name": "Wagner: Prelude and Liebestod from Tristan und Isolde, WWV.90",
        "instrumentation": "14.12.10.8.6"
    }
},
{
    "model": "string_rota.repertoire",
    "pk": 18,
    "fields": {
        "name": "Tchaikovsky: Piano Concerto No. 1 in B-Flat Minor, Op. 23",
        "instrumentation": "14.12.10.8.6"
    }
},
{
    "model": "string_rota.repertoire",
    "pk": 19,
    "fields": {
        "name": "Glinka: Overture to <Ruslan and Ludmilla> CCC cut",
        "instrumentation": "12.10.8.6.4"
    }
},
{
    "model": "string_rota.repertoire",
    "pk": 20,
    "fields": {
        "name": "Various: Christmas Bells (arr. Campbell)",
        "instrumentation": "12.10.8.6.4"
    }
},
{
    "model": "string_rota.repertoire",
    "pk": 21,
    "fields": {
        "name": "Jerry Herman: We Need a Little Christmas from Mame (arr. Rubino)",
        "instrumentation": "12.10.8.6.4"
    }
},
{
    "model": "string_rota.repertoire",
    "pk": 22,
    "fields": {
        "name": "Anderson: The Typewriter",
        "instrumentation": "12.10.8.6.4"
    }
},
{
    "model": "string_rota.repertoire",
    "pk": 23,
    "fields": {
        "name": "Ravel: Bolero (Reduced instrumentation)",
        "instrumentation": "12.10.8.6.4"
    }
},
{
    "model": "string_rota.repertoire",
    "pk": 24,
    "fields": {
        "name": "Stannard: The Penguin Song (Consider the Penguin) (arr. Doughty)",
        "instrumentation": "12.10.8.6.4"
    }
},
{
    "model": "string_rota.repertoire",
    "pk": 25,
    "fields": {
        "name": "Various: Christmas at the Movies (arr. Krogstad) - with ballet dancers",
        "instrumentation": "12.10.8.6.4"
    }
},
{
    "model": "string_rota.repertoire",
    "pk": 26,
    "fields": {
        "name": "Gruber: Silent Night (arr. Gough)",
        "instrumentation": "12.10.8.6.4"
    }
},
{
    "model": "string_rota.repertoire",
    "pk": 27,
    "fields": {
        "name": "Philip Lane: The Night before Christmas",
        "instrumentation": "12.10.8.6.4"
    }
},
{
    "model": "string_rota.repertoire",
    "pk": 28,
    "fields": {
        "name": "Various: Christmas Party Pop Singalong (arr. Campbell) - with ballet dancers",
        "instrumentation": "12.10.8.6.4"
    }
},
{
    "model": "string_rota.repertoire",
    "pk": 29,
    "fields": {
        "name": "Byrd: The Battell                                        ",
        "instrumentation": "0.0.0.0.0"
    }
},
{
    "model": "string_rota.repertoire",
    "pk": 30,
    "fields": {
        "name": "Walker: Piano Sonata No. 5",
        "instrumentation": "0.0.0.0.0"
    }
},
{
    "model": "string_rota.repertoire",
    "pk": 31,
    "fields": {
        "name": "Louis Couperin: Unmeasured Prelude in D Major from the Bauyn Manuscript",
        "instrumentation": "0.0.0.0.0"
    }
},
{
    "model": "string_rota.repertoire",
    "pk": 32,
    "fields": {
        "name": "Franck  César: Prélude, Choral et Fugue",
        "instrumentation": "0.0.0.0.0"
    }
},
{
    "model": "string_rota.repertoire",
    "pk": 33,
    "fields": {
        "name": "Chopin: Polonaise No. 7 in A-flat major, Op. 61, \"Polonaise-fantaisie\"",
        "instrumentation": "0.0.0.0.0"
    }
},
{
    "model": "string_rota.repertoire",
    "pk": 34,
    "fields": {
        "name": "Roman Rabinovich: Sonatina",
        "instrumentation": "0.0.0.0.0"
    }
},
{
    "model": "string_rota.repertoire",
    "pk": 35,
    "fields": {
        "name": "Schubert: Fantasie in C major, D.760, \"Wanderer\"",
        "instrumentation": "0.0.0.0.0"
    }
},
{
    "model": "string_rota.repertoire",
    "pk": 36,
    "fields": {
        "name": "Budget Place Holder: Contract-strength",
        "instrumentation": "16.14.12.10.8"
    }
},
{
    "model": "string_rota.repertoire",
    "pk": 37,
    "fields": {
        "name": "Rossini: Overture, Guillaume Tell [William Tell]",
        "instrumentation": "14.12.10.8.6"
    }
},
{
    "model": "string_rota.repertoire",
    "pk": 38,
    "fields": {
        "name": "Elgar: Cello Concerto in E Minor, Op. 85",
        "instrumentation": "12.10.8.6.4"
    }
},
{
    "model": "string_rota.repertoire",
    "pk": 39,
    "fields": {
        "name": "Abreu: Tico-Tico no fubá (arr. Colnot)",
        "instrumentation": "14.12.10.8.6"
    }
},
{
    "model": "string_rota.repertoire",
    "pk": 40,
    "fields": {
        "name": "Beethoven: Symphony No. 3 in E-Flat Major, Op. 55, \"Eroica\"",
        "instrumentation": "14.12.10.8.6"
    }
},
{
    "model": "string_rota.repertoire",
    "pk": 41,
    "fields": {
        "name": "Gershwin: I Got Rhythm from Crazy for You",
        "instrumentation": "16.14.12.10.8"
    }
},
{
    "model": "string_rota.repertoire",
    "pk": 42,
    "fields": {
        "name": "Sondheim: Company: Company",
        "instrumentation": "16.14.12.10.8"
    }
},
{
    "model": "string_rota.repertoire",
    "pk": 43,
    "fields": {
        "name": "Loewe: I Could Have Danced All Night from My Fair Lady",
        "instrumentation": "16.14.12.10.8"
    }
},
{
    "model": "string_rota.repertoire",
    "pk": 44,
    "fields": {
        "name": "Budget Place Holder: Close Ev’ry Door to Me (Joseph and the Amazing Technicolor Dreamcoat)",
        "instrumentation": "16.14.12.10.8"
    }
},
{
    "model": "string_rota.repertoire",
    "pk": 45,
    "fields": {
        "name": "Budget Place Holder: Luck Be A Lady (Guys & Dolls)",
        "instrumentation": "16.14.12.10.8"
    }
},
{
    "model": "string_rota.repertoire",
    "pk": 46,
    "fields": {
        "name": "John Kander: Chicago: Maybe This Time",
        "instrumentation": "16.14.12.10.8"
    }
},
{
    "model": "string_rota.repertoire",
    "pk": 47,
    "fields": {
        "name": "Bob Gaudio: My Eyes Adored You (Jersey Boys)",
        "instrumentation": "16.14.12.10.8"
    }
},
{
    "model": "string_rota.repertoire",
    "pk": 48,
    "fields": {
        "name": "Andrew Lloyd Webber: 'Til I Hear You Sing (Love Never Dies)",
        "instrumentation": "16.14.12.10.8"
    }
},
{
    "model": "string_rota.repertoire",
    "pk": 49,
    "fields": {
        "name": "Budget Place Holder: Let It Go (Frozen)",
        "instrumentation": "16.14.12.10.8"
    }
},
{
    "model": "string_rota.repertoire",
    "pk": 50,
    "fields": {
        "name": "C-M Schönberg: Misérables: Empty Chairs",
        "instrumentation": "16.14.12.10.8"
    }
},
{
    "model": "string_rota.repertoire",
    "pk": 51,
    "fields": {
        "name": "Benny Andersson: Mamma Mia! Medley",
        "instrumentation": "16.14.12.10.8"
    }
},
{
    "model": "string_rota.repertoire",
    "pk": 52,
    "fields": {
        "name": "Andrew Lloyd Webber: The Phantom of the Opera (The Phantom of the Opera)",
        "instrumentation": "16.14.12.10.8"
    }
},
{
    "model": "string_rota.repertoire",
    "pk": 53,
    "fields": {
        "name": "Andrew Lloyd Webber: Music of the Night (Phantom of the Opera)",
        "instrumentation": "16.14.12.10.8"
    }
},
{
    "model": "string_rota.repertoire",
    "pk": 54,
    "fields": {
        "name": "Ulvaeus: You and I (Chess)",
        "instrumentation": "16.14.12.10.8"
    }
},
{
    "model": "string_rota.repertoire",
    "pk": 55,
    "fields": {
        "name": "Andrew Lloyd Webber: Memory (Cats)",
        "instrumentation": "16.14.12.10.8"
    }
},
{
    "model": "string_rota.repertoire",
    "pk": 56,
    "fields": {
        "name": "Sherman Brothers: Supercalifragilisticexpialidocious from Mary Poppins",
        "instrumentation": "16.14.12.10.8"
    }
},
{
    "model": "string_rota.repertoire",
    "pk": 57,
    "fields": {
        "name": "Menken: Beauty and the Beast: If I can't love her",
        "instrumentation": "16.14.12.10.8"
    }
},
{
    "model": "string_rota.repertoire",
    "pk": 58,
    "fields": {
        "name": "Budget Place Holder: Can You Feel the Love Tonight? (The Lion King)",
        "instrumentation": "16.14.12.10.8"
    }
},
{
    "model": "string_rota.repertoire",
    "pk": 59,
    "fields": {
        "name": "Budget Place Holder: Popular (Wicked)",
        "instrumentation": "16.14.12.10.8"
    }
},
{
    "model": "string_rota.repertoire",
    "pk": 60,
    "fields": {
        "name": "Steven Schwartz: Defying Gravity (Wicked)",
        "instrumentation": "16.14.12.10.8"
    }
},
{
    "model": "string_rota.repertoire",
    "pk": 61,
    "fields": {
        "name": "Various: Holiday Medley",
        "instrumentation": "16.14.12.10.8"
    }
},
{
    "model": "string_rota.repertoire",
    "pk": 62,
    "fields": {
        "name": "C-M Schönberg: One Day More (Les Misérables)",
        "instrumentation": "16.14.12.10.8"
    }
},
{
    "model": "string_rota.repertoire",
    "pk": 63,
    "fields": {
        "name": "Budget Place Holder: Contract-strength",
        "instrumentation": "14.12.10.8.6"
    }
},
{
    "model": "string_rota.repertoire",
    "pk": 64,
    "fields": {
        "name": "James MacMillan: Larghetto for Orchestra",
        "instrumentation": "14.12.10.8.6"
    }
},
{
    "model": "string_rota.repertoire",
    "pk": 65,
    "fields": {
        "name": "Beethoven: Symphony No. 7 in A Major, Op. 92",
        "instrumentation": "14.12.10.8.6                                                                                                                                                                                                                                                 "
    }
},
{
    "model": "string_rota.repertoire",
    "pk": 66,
    "fields": {
        "name": "Grieg: Piano Concerto in A Minor, Op. 16",
        "instrumentation": "14.12.10.8.6"
    }
},
{
    "model": "string_rota.repertoire",
    "pk": 67,
    "fields": {
        "name": "Walker: Lyric for Strings",
        "instrumentation": "12.10.8.6.4"
    }
},
{
    "model": "string_rota.repertoire",
    "pk": 68,
    "fields": {
        "name": "Still: Symphony No. 1 in A-flat Major, \"Afro-American\"",
        "instrumentation": "12.10.8.6.4"
    }
},
{
    "model": "string_rota.repertoire",
    "pk": 69,
    "fields": {
        "name": "Dawson: Negro Folk Symphony",
        "instrumentation": "12.10.8.6.4"
    }
},
{
    "model": "string_rota.repertoire",
    "pk": 70,
    "fields": {
        "name": "Johann Strauss II: On the Beautiful Blue Danube, Waltzes, Op. 314",
        "instrumentation": "12.10.8.6.4"
    }
},
{
    "model": "string_rota.repertoire",
    "pk": 71,
    "fields": {
        "name": "Mascagni: Intermezzo sinfonico from <Cavalleria rusticana>",
        "instrumentation": "12.10.8.6.4"
    }
},
{
    "model": "string_rota.repertoire",
    "pk": 72,
    "fields": {
        "name": "Mendelssohn: Scherzo from the Incidental Music to <A Midsummer Night's Dream, Op. 61>",
        "instrumentation": "12.10.8.6.4"
    }
},
{
    "model": "string_rota.repertoire",
    "pk": 73,
    "fields": {
        "name": "Fauré: Pavane, Op. 50",
        "instrumentation": "12.10.8.6.4"
    }
},
{
    "model": "string_rota.repertoire",
    "pk": 74,
    "fields": {
        "name": "Bizet: Prelude to Act I from <Carmen>",
        "instrumentation": "12.10.8.6.4"
    }
},
{
    "model": "string_rota.repertoire",
    "pk": 75,
    "fields": {
        "name": "Mozart: Overture,  The Marriage of Figaro [Le Nozze di Figaro], K. 492",
        "instrumentation": "12.10.8.6.4"
    }
},
{
    "model": "string_rota.repertoire",
    "pk": 76,
    "fields": {
        "name": "Humperdinck: Prelude to Hänsel and Gretel",
        "instrumentation": "12.10.8.6.4"
    }
},
{
    "model": "string_rota.repertoire",
    "pk": 77,
    "fields": {
        "name": "Budget Place Holder: Luan Hui: Operation Hummingbird",
        "instrumentation": "10.8.6.6.3"
    }
},
{
    "model": "string_rota.repertoire",
    "pk": 78,
    "fields": {
        "name": "Prokofiev: Romeo and Juliet, selections from the ballet, Op. 64",
        "instrumentation": "14.12.10.8.6"
    }
},
{
    "model": "string_rota.repertoire",
    "pk": 79,
    "fields": {
        "name": "Wagner: Prelude and Liebestod from Tristan und Isolde, WWV.90",
        "instrumentation": "14.12.10.8.6"
    }
},
{
    "model": "string_rota.repertoire",
    "pk": 80,
    "fields": {
        "name": "Tchaikovsky: Piano Concerto No. 1 in B-Flat Minor, Op. 23",
        "instrumentation": "14.12.10.8.6"
    }
},
{
    "model": "string_rota.repertoire",
    "pk": 81,
    "fields": {
        "name": "Glinka: Overture to <Ruslan and Ludmilla> CCC cut",
        "instrumentation": "12.10.8.6.4"
    }
},
{
    "model": "string_rota.repertoire",
    "pk": 82,
    "fields": {
        "name": "Various: Christmas Bells (arr. Campbell)",
        "instrumentation": "12.10.8.6.4"
    }
},
{
    "model": "string_rota.repertoire",
    "pk": 83,
    "fields": {
        "name": "Jerry Herman: We Need a Little Christmas from Mame (arr. Rubino)",
        "instrumentation": "12.10.8.6.4"
    }
},
{
    "model": "string_rota.repertoire",
    "pk": 84,
    "fields": {
        "name": "Anderson: The Typewriter",
        "instrumentation": "12.10.8.6.4"
    }
},
{
    "model": "string_rota.repertoire",
    "pk": 85,
    "fields": {
        "name": "Ravel: Bolero (Reduced instrumentation)",
        "instrumentation": "12.10.8.6.4"
    }
},
{
    "model": "string_rota.repertoire",
    "pk": 86,
    "fields": {
        "name": "Stannard: The Penguin Song (Consider the Penguin) (arr. Doughty)",
        "instrumentation": "12.10.8.6.4"
    }
},
{
    "model": "string_rota.repertoire",
    "pk": 87,
    "fields": {
        "name": "Various: Christmas at the Movies (arr. Krogstad) - with ballet dancers",
        "instrumentation": "12.10.8.6.4"
    }
},
{
    "model": "string_rota.repertoire",
    "pk": 88,
    "fields": {
        "name": "Gruber: Silent Night (arr. Gough)",
        "instrumentation": "12.10.8.6.4"
    }
},
{
    "model": "string_rota.repertoire",
    "pk": 89,
    "fields": {
        "name": "Philip Lane: The Night before Christmas",
        "instrumentation": "12.10.8.6.4"
    }
},
{
    "model": "string_rota.repertoire",
    "pk": 90,
    "fields": {
        "name": "Various: Christmas Party Pop Singalong (arr. Campbell) - with ballet dancers",
        "instrumentation": "12.10.8.6.4"
    }
},
{
    "model": "string_rota.repertoire",
    "pk": 91,
    "fields": {
        "name": "Byrd: The Battell                                        ",
        "instrumentation": "0.0.0.0.0"
    }
},
{
    "model": "string_rota.repertoire",
    "pk": 92,
    "fields": {
        "name": "Walker: Piano Sonata No. 5",
        "instrumentation": "0.0.0.0.0"
    }
},
{
    "model": "string_rota.repertoire",
    "pk": 93,
    "fields": {
        "name": "Louis Couperin: Unmeasured Prelude in D Major from the Bauyn Manuscript",
        "instrumentation": "0.0.0.0.0"
    }
},
{
    "model": "string_rota.repertoire",
    "pk": 94,
    "fields": {
        "name": "Franck  César: Prélude, Choral et Fugue",
        "instrumentation": "0.0.0.0.0"
    }
},
{
    "model": "string_rota.repertoire",
    "pk": 95,
    "fields": {
        "name": "Chopin: Polonaise No. 7 in A-flat major, Op. 61, \"Polonaise-fantaisie\"",
        "instrumentation": "0.0.0.0.0"
    }
},
{
    "model": "string_rota.repertoire",
    "pk": 96,
    "fields": {
        "name": "Roman Rabinovich: Sonatina",
        "instrumentation": "0.0.0.0.0"
    }
},
{
    "model": "string_rota.repertoire",
    "pk": 97,
    "fields": {
        "name": "Schubert: Fantasie in C major, D.760, \"Wanderer\"",
        "instrumentation": "0.0.0.0.0"
    }
},
{
    "model": "string_rota.repertoire",
    "pk": 98,
    "fields": {
        "name": "Budget Place Holder: Contract-strength",
        "instrumentation": "16.14.12.10.8"
    }
},
{
    "model": "string_rota.repertoire",
    "pk": 99,
    "fields": {
        "name": "Rossini: Overture, Guillaume Tell [William Tell]",
        "instrumentation": "14.12.10.8.6"
    }
},
{
    "model": "string_rota.repertoire",
    "pk": 100,
    "fields": {
        "name": "Elgar: Cello Concerto in E Minor, Op. 85",
        "instrumentation": "12.10.8.6.4"
    }
},
{
    "model": "string_rota.repertoire",
    "pk": 101,
    "fields": {
        "name": "Abreu: Tico-Tico no fubá (arr. Colnot)",
        "instrumentation": "14.12.10.8.6"
    }
},
{
    "model": "string_rota.repertoire",
    "pk": 102,
    "fields": {
        "name": "Beethoven: Symphony No. 3 in E-Flat Major, Op. 55, \"Eroica\"",
        "instrumentation": "14.12.10.8.6"
    }
},
{
    "model": "string_rota.repertoire",
    "pk": 103,
    "fields": {
        "name": "Gershwin: I Got Rhythm from Crazy for You",
        "instrumentation": "16.14.12.10.8"
    }
},
{
    "model": "string_rota.repertoire",
    "pk": 104,
    "fields": {
        "name": "Sondheim: Company: Company",
        "instrumentation": "16.14.12.10.8"
    }
},
{
    "model": "string_rota.repertoire",
    "pk": 105,
    "fields": {
        "name": "Loewe: I Could Have Danced All Night from My Fair Lady",
        "instrumentation": "16.14.12.10.8"
    }
},
{
    "model": "string_rota.repertoire",
    "pk": 106,
    "fields": {
        "name": "Budget Place Holder: Close Ev’ry Door to Me (Joseph and the Amazing Technicolor Dreamcoat)",
        "instrumentation": "16.14.12.10.8"
    }
},
{
    "model": "string_rota.repertoire",
    "pk": 107,
    "fields": {
        "name": "Budget Place Holder: Luck Be A Lady (Guys & Dolls)",
        "instrumentation": "16.14.12.10.8"
    }
},
{
    "model": "string_rota.repertoire",
    "pk": 108,
    "fields": {
        "name": "John Kander: Chicago: Maybe This Time",
        "instrumentation": "16.14.12.10.8"
    }
},
{
    "model": "string_rota.repertoire",
    "pk": 109,
    "fields": {
        "name": "Bob Gaudio: My Eyes Adored You (Jersey Boys)",
        "instrumentation": "16.14.12.10.8"
    }
},
{
    "model": "string_rota.repertoire",
    "pk": 110,
    "fields": {
        "name": "Andrew Lloyd Webber: 'Til I Hear You Sing (Love Never Dies)",
        "instrumentation": "16.14.12.10.8"
    }
},
{
    "model": "string_rota.repertoire",
    "pk": 111,
    "fields": {
        "name": "Budget Place Holder: Let It Go (Frozen)",
        "instrumentation": "16.14.12.10.8"
    }
},
{
    "model": "string_rota.repertoire",
    "pk": 112,
    "fields": {
        "name": "C-M Schönberg: Misérables: Empty Chairs",
        "instrumentation": "16.14.12.10.8"
    }
},
{
    "model": "string_rota.repertoire",
    "pk": 113,
    "fields": {
        "name": "Benny Andersson: Mamma Mia! Medley",
        "instrumentation": "16.14.12.10.8"
    }
},
{
    "model": "string_rota.repertoire",
    "pk": 114,
    "fields": {
        "name": "Andrew Lloyd Webber: The Phantom of the Opera (The Phantom of the Opera)",
        "instrumentation": "16.14.12.10.8"
    }
},
{
    "model": "string_rota.repertoire",
    "pk": 115,
    "fields": {
        "name": "Andrew Lloyd Webber: Music of the Night (Phantom of the Opera)",
        "instrumentation": "16.14.12.10.8"
    }
},
{
    "model": "string_rota.repertoire",
    "pk": 116,
    "fields": {
        "name": "Ulvaeus: You and I (Chess)",
        "instrumentation": "16.14.12.10.8"
    }
},
{
    "model": "string_rota.repertoire",
    "pk": 117,
    "fields": {
        "name": "Andrew Lloyd Webber: Memory (Cats)",
        "instrumentation": "16.14.12.10.8"
    }
},
{
    "model": "string_rota.repertoire",
    "pk": 118,
    "fields": {
        "name": "Sherman Brothers: Supercalifragilisticexpialidocious from Mary Poppins",
        "instrumentation": "16.14.12.10.8"
    }
},
{
    "model": "string_rota.repertoire",
    "pk": 119,
    "fields": {
        "name": "Menken: Beauty and the Beast: If I can't love her",
        "instrumentation": "16.14.12.10.8"
    }
},
{
    "model": "string_rota.repertoire",
    "pk": 120,
    "fields": {
        "name": "Budget Place Holder: Can You Feel the Love Tonight? (The Lion King)",
        "instrumentation": "16.14.12.10.8"
    }
},
{
    "model": "string_rota.repertoire",
    "pk": 121,
    "fields": {
        "name": "Budget Place Holder: Popular (Wicked)",
        "instrumentation": "16.14.12.10.8"
    }
},
{
    "model": "string_rota.repertoire",
    "pk": 122,
    "fields": {
        "name": "Steven Schwartz: Defying Gravity (Wicked)",
        "instrumentation": "16.14.12.10.8"
    }
},
{
    "model": "string_rota.repertoire",
    "pk": 123,
    "fields": {
        "name": "Various: Holiday Medley",
        "instrumentation": "16.14.12.10.8"
    }
},
{
    "model": "string_rota.repertoire",
    "pk": 124,
    "fields": {
        "name": "C-M Schönberg: One Day More (Les Misérables)",
        "instrumentation": "16.14.12.10.8"
    }
},
{
    "model": "string_rota.section",
    "pk": 1,
    "fields": {
        "name": "Violin 1",
        "default_strength": 14,
        "players": [
            1,
            2,
            3,
            4,
            5,
            6,
            7,
            8,
            9,
            10,
            11,
            12,
            51,
            52
        ]
    }
},
{
    "model": "string_rota.section",
    "pk": 2,
    "fields": {
        "name": "Violin 2",
        "default_strength": 12,
        "players": [
            13,
            14,
            15,
            16,
            17,
            18,
            19,
            20,
            21,
            22,
            53,
            54
        ]
    }
},
{
    "model": "string_rota.section",
    "pk": 3,
    "fields": {
        "name": "Viola",
        "default_strength": 10,
        "players": [
            23,
            24,
            25,
            26,
            27,
            28,
            29,
            30,
            31,
            32,
            33,
            47,
            48
        ]
    }
},
{
    "model": "string_rota.section",
    "pk": 4,
    "fields": {
        "name": "Cello",
        "default_strength": 8,
        "players": [
            34,
            35,
            36,
            37,
            38,
            39,
            40,
            49,
            50
        ]
    }
},
{
    "model": "string_rota.section",
    "pk": 5,
    "fields": {
        "name": "Double Bass",
        "default_strength": 6,
        "players": [
            41,
            42,
            43,
            44,
            45,
            46
        ]
    }
},
{
    "model": "string_rota.player",
    "pk": 1,
    "fields": {
        "first_name": "Mya",
        "last_name": "Iwabuchi",
        "is_contract": true,
        "notes": null,
        "annual_nfd_quota": 0,
        "nfds_used_to_date": 0,
        "off_reduced_rep_tot": 0,
        "section": 1,
        "users_django": null
    }
},
{
    "model": "string_rota.player",
    "pk": 2,
    "fields": {
        "first_name": "Sharon",
        "last_name": "Roffman",
        "is_contract": true,
        "notes": null,
        "annual_nfd_quota": 0,
        "nfds_used_to_date": 0,
        "off_reduced_rep_tot": 0,
        "section": 1,
        "users_django": null
    }
},
{
    "model": "string_rota.player",
    "pk": 3,
    "fields": {
        "first_name": "Lena",
        "last_name": "Zeliszeska",
        "is_contract": true,
        "notes": null,
        "annual_nfd_quota": 0,
        "nfds_used_to_date": 0,
        "off_reduced_rep_tot": 0,
        "section": 1,
        "users_django": null
    }
},
{
    "model": "string_rota.player",
    "pk": 4,
    "fields": {
        "first_name": "Tamas",
        "last_name": "Fejes",
        "is_contract": true,
        "notes": null,
        "annual_nfd_quota": 0,
        "nfds_used_to_date": 0,
        "off_reduced_rep_tot": 0,
        "section": 1,
        "users_django": null
    }
},
{
    "model": "string_rota.player",
    "pk": 5,
    "fields": {
        "first_name": "Patrick",
        "last_name": "Curlett",
        "is_contract": true,
        "notes": null,
        "annual_nfd_quota": 3,
        "nfds_used_to_date": 0,
        "off_reduced_rep_tot": 0,
        "section": 1,
        "users_django": null
    }
},
{
    "model": "string_rota.player",
    "pk": 6,
    "fields": {
        "first_name": "Caroline",
        "last_name": "Parry",
        "is_contract": true,
        "notes": null,
        "annual_nfd_quota": 9,
        "nfds_used_to_date": 0,
        "off_reduced_rep_tot": 0,
        "section": 1,
        "users_django": null
    }
},
{
    "model": "string_rota.player",
    "pk": 7,
    "fields": {
        "first_name": "Ursula",
        "last_name": "Heidecker",
        "is_contract": true,
        "notes": null,
        "annual_nfd_quota": 9,
        "nfds_used_to_date": 0,
        "off_reduced_rep_tot": 0,
        "section": 1,
        "users_django": null
    }
},
{
    "model": "string_rota.player",
    "pk": 8,
    "fields": {
        "first_name": "Elizabeth",
        "last_name": "Bamping",
        "is_contract": true,
        "notes": null,
        "annual_nfd_quota": 9,
        "nfds_used_to_date": 0,
        "off_reduced_rep_tot": 0,
        "section": 1,
        "users_django": null
    }
},
{
    "model": "string_rota.player",
    "pk": 9,
    "fields": {
        "first_name": "Lorna",
        "last_name": "Rough",
        "is_contract": true,
        "notes": null,
        "annual_nfd_quota": 7,
        "nfds_used_to_date": 0,
        "off_reduced_rep_tot": 0,
        "section": 1,
        "users_django": null
    }
},
{
    "model": "string_rota.player",
    "pk": 10,
    "fields": {
        "first_name": "Susannah",
        "last_name": "Lowdon",
        "is_contract": true,
        "notes": null,
        "annual_nfd_quota": 7,
        "nfds_used_to_date": 0,
        "off_reduced_rep_tot": 0,
        "section": 1,
        "users_django": null
    }
},
{
    "model": "string_rota.player",
    "pk": 11,
    "fields": {
        "first_name": "Alan",
        "last_name": "Manson",
        "is_contract": true,
        "notes": null,
        "annual_nfd_quota": 5,
        "nfds_used_to_date": 0,
        "off_reduced_rep_tot": 0,
        "section": 1,
        "users_django": null
    }
},
{
    "model": "string_rota.player",
    "pk": 12,
    "fields": {
        "first_name": "Liam",
        "last_name": "Lynch",
        "is_contract": true,
        "notes": null,
        "annual_nfd_quota": 1,
        "nfds_used_to_date": 0,
        "off_reduced_rep_tot": 0,
        "section": 1,
        "users_django": null
    }
},
{
    "model": "string_rota.player",
    "pk": 13,
    "fields": {
        "first_name": "Jacqueline",
        "last_name": "Speirs",
        "is_contract": true,
        "notes": null,
        "annual_nfd_quota": 9,
        "nfds_used_to_date": 0,
        "off_reduced_rep_tot": 0,
        "section": 2,
        "users_django": null
    }
},
{
    "model": "string_rota.player",
    "pk": 14,
    "fields": {
        "first_name": "Marion",
        "last_name": "Wilson",
        "is_contract": true,
        "notes": null,
        "annual_nfd_quota": 9,
        "nfds_used_to_date": 0,
        "off_reduced_rep_tot": 0,
        "section": 2,
        "users_django": null
    }
},
{
    "model": "string_rota.player",
    "pk": 15,
    "fields": {
        "first_name": "Harriet",
        "last_name": "Hunter",
        "is_contract": true,
        "notes": null,
        "annual_nfd_quota": 7,
        "nfds_used_to_date": 0,
        "off_reduced_rep_tot": 0,
        "section": 2,
        "users_django": null
    }
},
{
    "model": "string_rota.player",
    "pk": 16,
    "fields": {
        "first_name": "Nigel",
        "last_name": "Mason",
        "is_contract": true,
        "notes": null,
        "annual_nfd_quota": 9,
        "nfds_used_to_date": 0,
        "off_reduced_rep_tot": 0,
        "section": 2,
        "users_django": null
    }
},
{
    "model": "string_rota.player",
    "pk": 17,
    "fields": {
        "first_name": "Wanda",
        "last_name": "Wojtasinska",
        "is_contract": true,
        "notes": null,
        "annual_nfd_quota": 9,
        "nfds_used_to_date": 0,
        "off_reduced_rep_tot": 0,
        "section": 2,
        "users_django": null
    }
},
{
    "model": "string_rota.player",
    "pk": 18,
    "fields": {
        "first_name": "Paul",
        "last_name": "Medd",
        "is_contract": true,
        "notes": null,
        "annual_nfd_quota": 9,
        "nfds_used_to_date": 0,
        "off_reduced_rep_tot": 0,
        "section": 2,
        "users_django": null
    }
},
{
    "model": "string_rota.player",
    "pk": 19,
    "fields": {
        "first_name": "Anne",
        "last_name": "Bunemann",
        "is_contract": true,
        "notes": null,
        "annual_nfd_quota": 7,
        "nfds_used_to_date": 0,
        "off_reduced_rep_tot": 0,
        "section": 2,
        "users_django": null
    }
},
{
    "model": "string_rota.player",
    "pk": 20,
    "fields": {
        "first_name": "Sophie",
        "last_name": "Lang",
        "is_contract": true,
        "notes": null,
        "annual_nfd_quota": 7,
        "nfds_used_to_date": 0,
        "off_reduced_rep_tot": 0,
        "section": 2,
        "users_django": null
    }
},
{
    "model": "string_rota.player",
    "pk": 21,
    "fields": {
        "first_name": "Robin",
        "last_name": "Wilson",
        "is_contract": true,
        "notes": null,
        "annual_nfd_quota": 1,
        "nfds_used_to_date": 0,
        "off_reduced_rep_tot": 0,
        "section": 2,
        "users_django": null
    }
},
{
    "model": "string_rota.player",
    "pk": 22,
    "fields": {
        "first_name": "Emily",
        "last_name": "Nenniger",
        "is_contract": true,
        "notes": null,
        "annual_nfd_quota": 1,
        "nfds_used_to_date": 0,
        "off_reduced_rep_tot": 0,
        "section": 2,
        "users_django": null
    }
},
{
    "model": "string_rota.player",
    "pk": 23,
    "fields": {
        "first_name": "Tom",
        "last_name": "Dunn",
        "is_contract": true,
        "notes": null,
        "annual_nfd_quota": 0,
        "nfds_used_to_date": 0,
        "off_reduced_rep_tot": 0,
        "section": 3,
        "users_django": null
    }
},
{
    "model": "string_rota.player",
    "pk": 24,
    "fields": {
        "first_name": "Felix",
        "last_name": "Tanner",
        "is_contract": true,
        "notes": null,
        "annual_nfd_quota": 1,
        "nfds_used_to_date": 0,
        "off_reduced_rep_tot": 0,
        "section": 3,
        "users_django": null
    }
},
{
    "model": "string_rota.player",
    "pk": 25,
    "fields": {
        "first_name": "Asher",
        "last_name": "Zaccardelli",
        "is_contract": true,
        "notes": null,
        "annual_nfd_quota": 1,
        "nfds_used_to_date": 0,
        "off_reduced_rep_tot": 0,
        "section": 3,
        "users_django": null
    }
},
{
    "model": "string_rota.player",
    "pk": 26,
    "fields": {
        "first_name": "Susan",
        "last_name": "Blasdale",
        "is_contract": true,
        "notes": null,
        "annual_nfd_quota": 5,
        "nfds_used_to_date": 0,
        "off_reduced_rep_tot": 0,
        "section": 3,
        "users_django": null
    }
},
{
    "model": "string_rota.player",
    "pk": 27,
    "fields": {
        "first_name": "Lisa",
        "last_name": "Rourke",
        "is_contract": true,
        "notes": null,
        "annual_nfd_quota": 7,
        "nfds_used_to_date": 0,
        "off_reduced_rep_tot": 0,
        "section": 3,
        "users_django": null
    }
},
{
    "model": "string_rota.player",
    "pk": 28,
    "fields": {
        "first_name": "Vacancy",
        "last_name": "",
        "is_contract": true,
        "notes": null,
        "annual_nfd_quota": 0,
        "nfds_used_to_date": 0,
        "off_reduced_rep_tot": 0,
        "section": 3,
        "users_django": null
    }
},
{
    "model": "string_rota.player",
    "pk": 29,
    "fields": {
        "first_name": "Nicola",
        "last_name": "McWhirter",
        "is_contract": true,
        "notes": null,
        "annual_nfd_quota": 5,
        "nfds_used_to_date": 0,
        "off_reduced_rep_tot": 0,
        "section": 3,
        "users_django": null
    }
},
{
    "model": "string_rota.player",
    "pk": 30,
    "fields": {
        "first_name": "Claire",
        "last_name": "Dunn",
        "is_contract": true,
        "notes": null,
        "annual_nfd_quota": 9,
        "nfds_used_to_date": 0,
        "off_reduced_rep_tot": 0,
        "section": 3,
        "users_django": null
    }
},
{
    "model": "string_rota.player",
    "pk": 31,
    "fields": {
        "first_name": "Katherine",
        "last_name": "Wren",
        "is_contract": true,
        "notes": null,
        "annual_nfd_quota": 5,
        "nfds_used_to_date": 0,
        "off_reduced_rep_tot": 0,
        "section": 3,
        "users_django": null
    }
},
{
    "model": "string_rota.player",
    "pk": 32,
    "fields": {
        "first_name": "Maria",
        "last_name": "Trittinger",
        "is_contract": true,
        "notes": null,
        "annual_nfd_quota": 7,
        "nfds_used_to_date": 0,
        "off_reduced_rep_tot": 0,
        "section": 3,
        "users_django": null
    }
},
{
    "model": "string_rota.player",
    "pk": 33,
    "fields": {
        "first_name": "Francesca",
        "last_name": "Hunt",
        "is_contract": true,
        "notes": null,
        "annual_nfd_quota": 5,
        "nfds_used_to_date": 0,
        "off_reduced_rep_tot": 0,
        "section": 3,
        "users_django": null
    }
},
{
    "model": "string_rota.player",
    "pk": 34,
    "fields": {
        "first_name": "Vacancy",
        "last_name": "",
        "is_contract": true,
        "notes": null,
        "annual_nfd_quota": 0,
        "nfds_used_to_date": 0,
        "off_reduced_rep_tot": 0,
        "section": 3,
        "users_django": null
    }
},
{
    "model": "string_rota.player",
    "pk": 35,
    "fields": {
        "first_name": "Betsy",
        "last_name": "Taylor",
        "is_contract": true,
        "notes": null,
        "annual_nfd_quota": 9,
        "nfds_used_to_date": 0,
        "off_reduced_rep_tot": 0,
        "section": 4,
        "users_django": null
    }
},
{
    "model": "string_rota.player",
    "pk": 36,
    "fields": {
        "first_name": "Kennedy",
        "last_name": "Leitch",
        "is_contract": true,
        "notes": null,
        "annual_nfd_quota": 7,
        "nfds_used_to_date": 0,
        "off_reduced_rep_tot": 0,
        "section": 4,
        "users_django": null
    }
},
{
    "model": "string_rota.player",
    "pk": 37,
    "fields": {
        "first_name": "Rachael",
        "last_name": "Lee",
        "is_contract": true,
        "notes": null,
        "annual_nfd_quota": 9,
        "nfds_used_to_date": 0,
        "off_reduced_rep_tot": 0,
        "section": 4,
        "users_django": null
    }
},
{
    "model": "string_rota.player",
    "pk": 38,
    "fields": {
        "first_name": "Sarah",
        "last_name": "Digger",
        "is_contract": true,
        "notes": null,
        "annual_nfd_quota": 7,
        "nfds_used_to_date": 0,
        "off_reduced_rep_tot": 0,
        "section": 4,
        "users_django": null
    }
},
{
    "model": "string_rota.player",
    "pk": 39,
    "fields": {
        "first_name": "Robert",
        "last_name": "Anderson",
        "is_contract": true,
        "notes": null,
        "annual_nfd_quota": 1,
        "nfds_used_to_date": 0,
        "off_reduced_rep_tot": 0,
        "section": 4,
        "users_django": null
    }
},
{
    "model": "string_rota.player",
    "pk": 40,
    "fields": {
        "first_name": "Gunda",
        "last_name": "Baranauskaite",
        "is_contract": true,
        "notes": null,
        "annual_nfd_quota": 1,
        "nfds_used_to_date": 0,
        "off_reduced_rep_tot": 0,
        "section": 4,
        "users_django": null
    }
},
{
    "model": "string_rota.player",
    "pk": 41,
    "fields": {
        "first_name": "Margarida",
        "last_name": "Castro",
        "is_contract": true,
        "notes": null,
        "annual_nfd_quota": 3,
        "nfds_used_to_date": 0,
        "off_reduced_rep_tot": 0,
        "section": 5,
        "users_django": null
    }
},
{
    "model": "string_rota.player",
    "pk": 42,
    "fields": {
        "first_name": "Michael",
        "last_name": "Rae",
        "is_contract": true,
        "notes": null,
        "annual_nfd_quota": 9,
        "nfds_used_to_date": 0,
        "off_reduced_rep_tot": 0,
        "section": 5,
        "users_django": null
    }
},
{
    "model": "string_rota.player",
    "pk": 43,
    "fields": {
        "first_name": "Sally",
        "last_name": "Davis",
        "is_contract": true,
        "notes": null,
        "annual_nfd_quota": 9,
        "nfds_used_to_date": 0,
        "off_reduced_rep_tot": 0,
        "section": 5,
        "users_django": null
    }
},
{
    "model": "string_rota.player",
    "pk": 44,
    "fields": {
        "first_name": "Aaron",
        "last_name": "Barrera-Reyes",
        "is_contract": true,
        "notes": null,
        "annual_nfd_quota": 1,
        "nfds_used_to_date": 0,
        "off_reduced_rep_tot": 0,
        "section": 5,
        "users_django": null
    }
},
{
    "model": "string_rota.player",
    "pk": 45,
    "fields": {
        "first_name": "test-db",
        "last_name": "rota-manager",
        "is_contract": true,
        "notes": "",
        "annual_nfd_quota": 0,
        "nfds_used_to_date": 0,
        "off_reduced_rep_tot": 0,
        "section": 5,
        "users_django": 11
    }
},
{
    "model": "string_rota.player",
    "pk": 46,
    "fields": {
        "first_name": "test-db",
        "last_name": "section-member",
        "is_contract": true,
        "notes": "",
        "annual_nfd_quota": 0,
        "nfds_used_to_date": 0,
        "off_reduced_rep_tot": 0,
        "section": 5,
        "users_django": 10
    }
},
{
    "model": "string_rota.player",
    "pk": 47,
    "fields": {
        "first_name": "test-Viola",
        "last_name": "rota-manager",
        "is_contract": true,
        "notes": "",
        "annual_nfd_quota": 0,
        "nfds_used_to_date": 0,
        "off_reduced_rep_tot": 0,
        "section": 3,
        "users_django": 7
    }
},
{
    "model": "string_rota.player",
    "pk": 48,
    "fields": {
        "first_name": "test-Viola",
        "last_name": "section-member",
        "is_contract": true,
        "notes": "",
        "annual_nfd_quota": 0,
        "nfds_used_to_date": 0,
        "off_reduced_rep_tot": 0,
        "section": 3,
        "users_django": 6
    }
},
{
    "model": "string_rota.player",
    "pk": 49,
    "fields": {
        "first_name": "test-Vlc",
        "last_name": "rota-manager",
        "is_contract": true,
        "notes": "",
        "annual_nfd_quota": 0,
        "nfds_used_to_date": 0,
        "off_reduced_rep_tot": 0,
        "section": 4,
        "users_django": 9
    }
},
{
    "model": "string_rota.player",
    "pk": 50,
    "fields": {
        "first_name": "test-Vlc",
        "last_name": "section-member",
        "is_contract": true,
        "notes": "",
        "annual_nfd_quota": 0,
        "nfds_used_to_date": 0,
        "off_reduced_rep_tot": 0,
        "section": 4,
        "users_django": 8
    }
},
{
    "model": "string_rota.player",
    "pk": 51,
    "fields": {
        "first_name": "test-Violin-1",
        "last_name": "rota-manager",
        "is_contract": true,
        "notes": "",
        "annual_nfd_quota": 0,
        "nfds_used_to_date": 0,
        "off_reduced_rep_tot": 0,
        "section": 1,
        "users_django": 3
    }
},
{
    "model": "string_rota.player",
    "pk": 52,
    "fields": {
        "first_name": "test-Violin-1",
        "last_name": "section-member",
        "is_contract": true,
        "notes": "",
        "annual_nfd_quota": 0,
        "nfds_used_to_date": 0,
        "off_reduced_rep_tot": 0,
        "section": 1,
        "users_django": 2
    }
},
{
    "model": "string_rota.player",
    "pk": 53,
    "fields": {
        "first_name": "test-Violin-2",
        "last_name": "rota-manager",
        "is_contract": true,
        "notes": "",
        "annual_nfd_quota": 0,
        "nfds_used_to_date": 0,
        "off_reduced_rep_tot": 0,
        "section": 2,
        "users_django": 5
    }
},
{
    "model": "string_rota.player",
    "pk": 54,
    "fields": {
        "first_name": "test-Violin-2",
        "last_name": "rota-manager",
        "is_contract": true,
        "notes": "",
        "annual_nfd_quota": 0,
        "nfds_used_to_date": 0,
        "off_reduced_rep_tot": 0,
        "section": 2,
        "users_django": 4
    }
},
{
    "model": "string_rota.session",
    "pk": 1,
    "fields": {
        "date": "2022-11-14",
        "start_time": "11:00:00",
        "end_time": "14:00:00",
        "session_type": "REC",
        "project": 1,
        "repertoire": []
    }
},
{
    "model": "string_rota.session",
    "pk": 2,
    "fields": {
        "date": "2022-11-14",
        "start_time": "15:30:00",
        "end_time": "18:30:00",
        "session_type": "REC",
        "project": 1,
        "repertoire": []
    }
},
{
    "model": "string_rota.session",
    "pk": 3,
    "fields": {
        "date": "2022-11-16",
        "start_time": "10:00:00",
        "end_time": "13:00:00",
        "session_type": "REC",
        "project": 2,
        "repertoire": []
    }
},
{
    "model": "string_rota.session",
    "pk": 4,
    "fields": {
        "date": "2022-11-17",
        "start_time": "10:00:00",
        "end_time": "13:00:00",
        "session_type": "REH",
        "project": 2,
        "repertoire": []
    }
},
{
    "model": "string_rota.session",
    "pk": 5,
    "fields": {
        "date": "2022-11-17",
        "start_time": "14:00:00",
        "end_time": "17:00:00",
        "session_type": "REH",
        "project": 2,
        "repertoire": []
    }
},
{
    "model": "string_rota.session",
    "pk": 6,
    "fields": {
        "date": "2022-11-18",
        "start_time": "15:00:00",
        "end_time": "17:30:00",
        "session_type": "REH",
        "project": 2,
        "repertoire": []
    }
},
{
    "model": "string_rota.session",
    "pk": 7,
    "fields": {
        "date": "2022-11-18",
        "start_time": "19:30:00",
        "end_time": "21:30:00",
        "session_type": "CON",
        "project": 2,
        "repertoire": []
    }
},
{
    "model": "string_rota.session",
    "pk": 8,
    "fields": {
        "date": "2022-11-19",
        "start_time": "18:00:00",
        "end_time": "18:45:00",
        "session_type": "REH",
        "project": 2,
        "repertoire": []
    }
},
{
    "model": "string_rota.session",
    "pk": 9,
    "fields": {
        "date": "2022-11-19",
        "start_time": "19:30:00",
        "end_time": "21:30:00",
        "session_type": "CON",
        "project": 2,
        "repertoire": []
    }
},
{
    "model": "string_rota.session",
    "pk": 10,
    "fields": {
        "date": "2022-11-22",
        "start_time": "10:00:00",
        "end_time": "13:00:00",
        "session_type": "REH",
        "project": 3,
        "repertoire": []
    }
},
{
    "model": "string_rota.session",
    "pk": 11,
    "fields": {
        "date": "2022-11-22",
        "start_time": "14:00:00",
        "end_time": "17:00:00",
        "session_type": "REH",
        "project": 3,
        "repertoire": []
    }
},
{
    "model": "string_rota.session",
    "pk": 12,
    "fields": {
        "date": "2022-11-23",
        "start_time": "11:00:00",
        "end_time": "12:00:00",
        "session_type": "REH",
        "project": 3,
        "repertoire": []
    }
},
{
    "model": "string_rota.session",
    "pk": 13,
    "fields": {
        "date": "2022-11-23",
        "start_time": "14:00:00",
        "end_time": "16:00:00",
        "session_type": "CON",
        "project": 3,
        "repertoire": []
    }
},
{
    "model": "string_rota.session",
    "pk": 14,
    "fields": {
        "date": "2022-11-24",
        "start_time": "10:00:00",
        "end_time": "13:00:00",
        "session_type": "REC",
        "project": 4,
        "repertoire": []
    }
},
{
    "model": "string_rota.session",
    "pk": 15,
    "fields": {
        "date": "2022-11-24",
        "start_time": "14:30:00",
        "end_time": "17:30:00",
        "session_type": "REC",
        "project": 4,
        "repertoire": []
    }
},
{
    "model": "string_rota.session",
    "pk": 16,
    "fields": {
        "date": "2022-11-28",
        "start_time": "09:00:00",
        "end_time": "12:00:00",
        "session_type": "REC",
        "project": 5,
        "repertoire": []
    }
},
{
    "model": "string_rota.session",
    "pk": 17,
    "fields": {
        "date": "2022-11-28",
        "start_time": "13:00:00",
        "end_time": "16:00:00",
        "session_type": "REC",
        "project": 5,
        "repertoire": []
    }
},
{
    "model": "string_rota.session",
    "pk": 18,
    "fields": {
        "date": "2022-11-29",
        "start_time": "10:00:00",
        "end_time": "14:00:00",
        "session_type": "REC",
        "project": 5,
        "repertoire": []
    }
},
{
    "model": "string_rota.session",
    "pk": 19,
    "fields": {
        "date": "2022-11-30",
        "start_time": "10:00:00",
        "end_time": "12:30:00",
        "session_type": "REH",
        "project": 6,
        "repertoire": []
    }
},
{
    "model": "string_rota.session",
    "pk": 20,
    "fields": {
        "date": "2022-11-30",
        "start_time": "14:00:00",
        "end_time": "16:30:00",
        "session_type": "REH",
        "project": 6,
        "repertoire": []
    }
},
{
    "model": "string_rota.session",
    "pk": 21,
    "fields": {
        "date": "2022-12-01",
        "start_time": "10:00:00",
        "end_time": "12:30:00",
        "session_type": "REH",
        "project": 6,
        "repertoire": []
    }
},
{
    "model": "string_rota.session",
    "pk": 22,
    "fields": {
        "date": "2022-12-01",
        "start_time": "13:30:00",
        "end_time": "16:00:00",
        "session_type": "REH",
        "project": 6,
        "repertoire": []
    }
},
{
    "model": "string_rota.session",
    "pk": 23,
    "fields": {
        "date": "2022-12-02",
        "start_time": "14:00:00",
        "end_time": "16:30:00",
        "session_type": "REH",
        "project": 6,
        "repertoire": []
    }
},
{
    "model": "string_rota.session",
    "pk": 24,
    "fields": {
        "date": "2022-12-02",
        "start_time": "17:00:00",
        "end_time": "17:30:00",
        "session_type": "REH",
        "project": 6,
        "repertoire": []
    }
},
{
    "model": "string_rota.session",
    "pk": 25,
    "fields": {
        "date": "2022-12-02",
        "start_time": "18:00:00",
        "end_time": "18:20:00",
        "session_type": "CON",
        "project": 6,
        "repertoire": []
    }
},
{
    "model": "string_rota.session",
    "pk": 26,
    "fields": {
        "date": "2022-12-02",
        "start_time": "19:30:00",
        "end_time": "22:00:00",
        "session_type": "CON",
        "project": 6,
        "repertoire": []
    }
},
{
    "model": "string_rota.session",
    "pk": 27,
    "fields": {
        "date": "2022-12-03",
        "start_time": "18:00:00",
        "end_time": "18:45:00",
        "session_type": "REH",
        "project": 6,
        "repertoire": []
    }
},
{
    "model": "string_rota.session",
    "pk": 28,
    "fields": {
        "date": "2022-12-03",
        "start_time": "19:30:00",
        "end_time": "22:00:00",
        "session_type": "CON",
        "project": 6,
        "repertoire": []
    }
},
{
    "model": "string_rota.session",
    "pk": 29,
    "fields": {
        "date": "2022-12-04",
        "start_time": "11:30:00",
        "end_time": "14:00:00",
        "session_type": "REH",
        "project": 7,
        "repertoire": []
    }
},
{
    "model": "string_rota.session",
    "pk": 30,
    "fields": {
        "date": "2022-12-04",
        "start_time": "15:00:00",
        "end_time": "16:00:00",
        "session_type": "CON",
        "project": 7,
        "repertoire": []
    }
},
{
    "model": "string_rota.session",
    "pk": 31,
    "fields": {
        "date": "2022-12-04",
        "start_time": "15:00:00",
        "end_time": "17:00:00",
        "session_type": "CON",
        "project": 7,
        "repertoire": []
    }
},
{
    "model": "string_rota.session",
    "pk": 32,
    "fields": {
        "date": "2022-12-06",
        "start_time": "12:30:00",
        "end_time": "16:30:00",
        "session_type": "REC",
        "project": 9,
        "repertoire": []
    }
},
{
    "model": "string_rota.session",
    "pk": 33,
    "fields": {
        "date": "2022-12-06",
        "start_time": "17:30:00",
        "end_time": "21:30:00",
        "session_type": "REC",
        "project": 9,
        "repertoire": []
    }
},
{
    "model": "string_rota.session",
    "pk": 34,
    "fields": {
        "date": "2022-12-07",
        "start_time": "10:00:00",
        "end_time": "13:00:00",
        "session_type": "REH",
        "project": 10,
        "repertoire": []
    }
},
{
    "model": "string_rota.session",
    "pk": 35,
    "fields": {
        "date": "2022-12-07",
        "start_time": "14:00:00",
        "end_time": "17:00:00",
        "session_type": "REH",
        "project": 10,
        "repertoire": []
    }
},
{
    "model": "string_rota.session",
    "pk": 36,
    "fields": {
        "date": "2022-12-08",
        "start_time": "14:30:00",
        "end_time": "17:30:00",
        "session_type": "REH",
        "project": 10,
        "repertoire": []
    }
},
{
    "model": "string_rota.session",
    "pk": 37,
    "fields": {
        "date": "2022-12-08",
        "start_time": "19:30:00",
        "end_time": "22:00:00",
        "session_type": "CON",
        "project": 10,
        "repertoire": []
    }
},
{
    "model": "string_rota.session",
    "pk": 38,
    "fields": {
        "date": "2022-12-09",
        "start_time": "18:00:00",
        "end_time": "18:45:00",
        "session_type": "REH",
        "project": 10,
        "repertoire": []
    }
},
{
    "model": "string_rota.session",
    "pk": 39,
    "fields": {
        "date": "2022-12-09",
        "start_time": "19:30:00",
        "end_time": "22:00:00",
        "session_type": "CON",
        "project": 10,
        "repertoire": []
    }
},
{
    "model": "string_rota.session",
    "pk": 40,
    "fields": {
        "date": "2022-12-10",
        "start_time": "11:00:00",
        "end_time": "12:00:00",
        "session_type": "REH",
        "project": 7,
        "repertoire": []
    }
},
{
    "model": "string_rota.session",
    "pk": 41,
    "fields": {
        "date": "2022-12-10",
        "start_time": "13:00:00",
        "end_time": "14:00:00",
        "session_type": "CON",
        "project": 7,
        "repertoire": []
    }
},
{
    "model": "string_rota.session",
    "pk": 42,
    "fields": {
        "date": "2022-12-10",
        "start_time": "15:00:00",
        "end_time": "16:00:00",
        "session_type": "CON",
        "project": 7,
        "repertoire": []
    }
},
{
    "model": "string_rota.session",
    "pk": 43,
    "fields": {
        "date": "2022-12-10",
        "start_time": "18:15:00",
        "end_time": "18:45:00",
        "session_type": "REH",
        "project": 10,
        "repertoire": []
    }
},
{
    "model": "string_rota.session",
    "pk": 44,
    "fields": {
        "date": "2022-12-10",
        "start_time": "19:30:00",
        "end_time": "21:30:00",
        "session_type": "CON",
        "project": 10,
        "repertoire": []
    }
},
{
    "model": "string_rota.session",
    "pk": 45,
    "fields": {
        "date": "2022-12-11",
        "start_time": "10:00:00",
        "end_time": "13:00:00",
        "session_type": "REH",
        "project": 11,
        "repertoire": []
    }
},
{
    "model": "string_rota.session",
    "pk": 46,
    "fields": {
        "date": "2022-12-11",
        "start_time": "15:00:00",
        "end_time": "17:30:00",
        "session_type": "CON",
        "project": 11,
        "repertoire": []
    }
},
{
    "model": "string_rota.project",
    "pk": 1,
    "fields": {
        "name": "Recording Sessions for Disney",
        "slug": "recording-sessions-for-disney",
        "repertoire_name": [
            1
        ],
        "seating_plan": [
            1,
            2,
            3,
            4,
            5
        ],
        "sessions": [
            1,
            2
        ]
    }
},
{
    "model": "string_rota.project",
    "pk": 2,
    "fields": {
        "name": "22:23 Season #7",
        "slug": "2223-season-7",
        "repertoire_name": [
            2,
            3,
            4
        ],
        "seating_plan": [
            6,
            7,
            8,
            9,
            10
        ],
        "sessions": [
            3,
            4,
            5,
            6,
            7,
            8,
            9
        ]
    }
},
{
    "model": "string_rota.project",
    "pk": 3,
    "fields": {
        "name": "22:23 Matinee Kellen Gray",
        "slug": "2223-matinee-kellen-gray",
        "repertoire_name": [
            5,
            6,
            7
        ],
        "seating_plan": [
            11,
            12,
            13,
            14
        ],
        "sessions": [
            10,
            11,
            12,
            13
        ]
    }
},
{
    "model": "string_rota.project",
    "pk": 4,
    "fields": {
        "name": "Recording sessions: RSNO Own Label for Engage projects",
        "slug": "recording-sessions-rsno-own-label-for-engage-projects",
        "repertoire_name": [
            8,
            9,
            10,
            11,
            12,
            13,
            14
        ],
        "seating_plan": [
            16,
            17,
            18,
            19,
            20
        ],
        "sessions": [
            14,
            15
        ]
    }
},
{
    "model": "string_rota.project",
    "pk": 5,
    "fields": {
        "name": "probably PACT recording: Operation Hummingbird",
        "slug": "probably-pact-recording-operation-hummingbird",
        "repertoire_name": [
            15
        ],
        "seating_plan": [
            21,
            22,
            23,
            24,
            25
        ],
        "sessions": [
            16,
            17,
            18
        ]
    }
},
{
    "model": "string_rota.project",
    "pk": 6,
    "fields": {
        "name": "22:23 Season #8",
        "slug": "2223-season-8",
        "repertoire_name": [
            16,
            17,
            18
        ],
        "seating_plan": [
            26,
            27,
            28,
            29,
            30
        ],
        "sessions": [
            19,
            20,
            21,
            22,
            23,
            24,
            25,
            26,
            27,
            28
        ]
    }
},
{
    "model": "string_rota.project",
    "pk": 7,
    "fields": {
        "name": "22:23 CCC x RSNO: Christmas",
        "slug": "2223-ccc-x-rsno-christmas",
        "repertoire_name": [
            19,
            20,
            21,
            22,
            23,
            24,
            25,
            26,
            27,
            28
        ],
        "seating_plan": [
            31,
            32,
            33,
            34,
            35
        ],
        "sessions": [
            29,
            30,
            31
        ]
    }
},
{
    "model": "string_rota.project",
    "pk": 8,
    "fields": {
        "name": "Chamber Concert: Rabinovich",
        "slug": "chamber-concert-rabinovich",
        "repertoire_name": [],
        "seating_plan": [],
        "sessions": []
    }
},
{
    "model": "string_rota.project",
    "pk": 9,
    "fields": {
        "name": "Potential PACT project via Talkington",
        "slug": "potential-pact-project-via-talkington",
        "repertoire_name": [
            36
        ],
        "seating_plan": [
            41,
            42,
            43,
            44,
            45
        ],
        "sessions": [
            32,
            33
        ]
    }
},
{
    "model": "string_rota.project",
    "pk": 10,
    "fields": {
        "name": "22:23 Season #9",
        "slug": "2223-season-9",
        "repertoire_name": [
            37,
            38,
            39,
            40
        ],
        "seating_plan": [
            46,
            47,
            48,
            49,
            50
        ],
        "sessions": [
            34,
            35,
            36,
            37,
            38,
            39,
            43,
            44
        ]
    }
},
{
    "model": "string_rota.project",
    "pk": 11,
    "fields": {
        "name": "West End International 2022",
        "slug": "west-end-international-2022",
        "repertoire_name": [
            103,
            104,
            105,
            106,
            107,
            108,
            109,
            110,
            111,
            112,
            113,
            114,
            115,
            116,
            117,
            118,
            119,
            120,
            121,
            122,
            123,
            124
        ],
        "seating_plan": [
            51,
            52,
            53,
            54,
            55
        ],
        "sessions": [
            45,
            46
        ]
    }
},
{
    "model": "string_rota.seatingposition",
    "pk": 1,
    "fields": {
        "position_number": 1,
        "seating_plan": 14,
        "player": 35
    }
},
{
    "model": "string_rota.seatingposition",
    "pk": 2,
    "fields": {
        "position_number": 2,
        "seating_plan": 14,
        "player": 36
    }
},
{
    "model": "string_rota.seatingplan",
    "pk": 1,
    "fields": {
        "plan_status": "D",
        "project": 1,
        "section": 1,
        "custom_strength": null
    }
},
{
    "model": "string_rota.seatingplan",
    "pk": 2,
    "fields": {
        "plan_status": "D",
        "project": 1,
        "section": 2,
        "custom_strength": null
    }
},
{
    "model": "string_rota.seatingplan",
    "pk": 3,
    "fields": {
        "plan_status": "D",
        "project": 1,
        "section": 3,
        "custom_strength": null
    }
},
{
    "model": "string_rota.seatingplan",
    "pk": 4,
    "fields": {
        "plan_status": "D",
        "project": 1,
        "section": 4,
        "custom_strength": null
    }
},
{
    "model": "string_rota.seatingplan",
    "pk": 5,
    "fields": {
        "plan_status": "D",
        "project": 1,
        "section": 5,
        "custom_strength": null
    }
},
{
    "model": "string_rota.seatingplan",
    "pk": 6,
    "fields": {
        "plan_status": "D",
        "project": 2,
        "section": 1,
        "custom_strength": null
    }
},
{
    "model": "string_rota.seatingplan",
    "pk": 7,
    "fields": {
        "plan_status": "D",
        "project": 2,
        "section": 2,
        "custom_strength": null
    }
},
{
    "model": "string_rota.seatingplan",
    "pk": 8,
    "fields": {
        "plan_status": "D",
        "project": 2,
        "section": 3,
        "custom_strength": null
    }
},
{
    "model": "string_rota.seatingplan",
    "pk": 9,
    "fields": {
        "plan_status": "D",
        "project": 2,
        "section": 4,
        "custom_strength": null
    }
},
{
    "model": "string_rota.seatingplan",
    "pk": 10,
    "fields": {
        "plan_status": "D",
        "project": 2,
        "section": 5,
        "custom_strength": null
    }
},
{
    "model": "string_rota.seatingplan",
    "pk": 11,
    "fields": {
        "plan_status": "D",
        "project": 3,
        "section": 1,
        "custom_strength": null
    }
},
{
    "model": "string_rota.seatingplan",
    "pk": 12,
    "fields": {
        "plan_status": "D",
        "project": 3,
        "section": 2,
        "custom_strength": null
    }
},
{
    "model": "string_rota.seatingplan",
    "pk": 13,
    "fields": {
        "plan_status": "D",
        "project": 3,
        "section": 3,
        "custom_strength": null
    }
},
{
    "model": "string_rota.seatingplan",
    "pk": 14,
    "fields": {
        "plan_status": "D",
        "project": 3,
        "section": 4,
        "custom_strength": null
    }
},
{
    "model": "string_rota.seatingplan",
    "pk": 15,
    "fields": {
        "plan_status": "D",
        "project": 3,
        "section": 5,
        "custom_strength": null
    }
},
{
    "model": "string_rota.seatingplan",
    "pk": 16,
    "fields": {
        "plan_status": "D",
        "project": 4,
        "section": 1,
        "custom_strength": null
    }
},
{
    "model": "string_rota.seatingplan",
    "pk": 17,
    "fields": {
        "plan_status": "D",
        "project": 4,
        "section": 2,
        "custom_strength": null
    }
},
{
    "model": "string_rota.seatingplan",
    "pk": 18,
    "fields": {
        "plan_status": "D",
        "project": 4,
        "section": 3,
        "custom_strength": null
    }
},
{
    "model": "string_rota.seatingplan",
    "pk": 19,
    "fields": {
        "plan_status": "D",
        "project": 4,
        "section": 4,
        "custom_strength": null
    }
},
{
    "model": "string_rota.seatingplan",
    "pk": 20,
    "fields": {
        "plan_status": "D",
        "project": 4,
        "section": 5,
        "custom_strength": null
    }
},
{
    "model": "string_rota.seatingplan",
    "pk": 21,
    "fields": {
        "plan_status": "D",
        "project": 5,
        "section": 1,
        "custom_strength": null
    }
},
{
    "model": "string_rota.seatingplan",
    "pk": 22,
    "fields": {
        "plan_status": "D",
        "project": 5,
        "section": 2,
        "custom_strength": null
    }
},
{
    "model": "string_rota.seatingplan",
    "pk": 23,
    "fields": {
        "plan_status": "D",
        "project": 5,
        "section": 3,
        "custom_strength": null
    }
},
{
    "model": "string_rota.seatingplan",
    "pk": 24,
    "fields": {
        "plan_status": "D",
        "project": 5,
        "section": 4,
        "custom_strength": null
    }
},
{
    "model": "string_rota.seatingplan",
    "pk": 25,
    "fields": {
        "plan_status": "D",
        "project": 5,
        "section": 5,
        "custom_strength": null
    }
},
{
    "model": "string_rota.seatingplan",
    "pk": 26,
    "fields": {
        "plan_status": "D",
        "project": 6,
        "section": 1,
        "custom_strength": null
    }
},
{
    "model": "string_rota.seatingplan",
    "pk": 27,
    "fields": {
        "plan_status": "D",
        "project": 6,
        "section": 2,
        "custom_strength": null
    }
},
{
    "model": "string_rota.seatingplan",
    "pk": 28,
    "fields": {
        "plan_status": "D",
        "project": 6,
        "section": 3,
        "custom_strength": null
    }
},
{
    "model": "string_rota.seatingplan",
    "pk": 29,
    "fields": {
        "plan_status": "D",
        "project": 6,
        "section": 4,
        "custom_strength": null
    }
},
{
    "model": "string_rota.seatingplan",
    "pk": 30,
    "fields": {
        "plan_status": "D",
        "project": 6,
        "section": 5,
        "custom_strength": null
    }
},
{
    "model": "string_rota.seatingplan",
    "pk": 31,
    "fields": {
        "plan_status": "D",
        "project": 7,
        "section": 1,
        "custom_strength": null
    }
},
{
    "model": "string_rota.seatingplan",
    "pk": 32,
    "fields": {
        "plan_status": "D",
        "project": 7,
        "section": 2,
        "custom_strength": null
    }
},
{
    "model": "string_rota.seatingplan",
    "pk": 33,
    "fields": {
        "plan_status": "D",
        "project": 7,
        "section": 3,
        "custom_strength": null
    }
},
{
    "model": "string_rota.seatingplan",
    "pk": 34,
    "fields": {
        "plan_status": "D",
        "project": 7,
        "section": 4,
        "custom_strength": null
    }
},
{
    "model": "string_rota.seatingplan",
    "pk": 35,
    "fields": {
        "plan_status": "D",
        "project": 7,
        "section": 5,
        "custom_strength": null
    }
},
{
    "model": "string_rota.seatingplan",
    "pk": 36,
    "fields": {
        "plan_status": "D",
        "project": 8,
        "section": 1,
        "custom_strength": null
    }
},
{
    "model": "string_rota.seatingplan",
    "pk": 37,
    "fields": {
        "plan_status": "D",
        "project": 8,
        "section": 2,
        "custom_strength": null
    }
},
{
    "model": "string_rota.seatingplan",
    "pk": 38,
    "fields": {
        "plan_status": "D",
        "project": 8,
        "section": 3,
        "custom_strength": null
    }
},
{
    "model": "string_rota.seatingplan",
    "pk": 39,
    "fields": {
        "plan_status": "D",
        "project": 8,
        "section": 4,
        "custom_strength": null
    }
},
{
    "model": "string_rota.seatingplan",
    "pk": 40,
    "fields": {
        "plan_status": "D",
        "project": 8,
        "section": 5,
        "custom_strength": null
    }
},
{
    "model": "string_rota.seatingplan",
    "pk": 41,
    "fields": {
        "plan_status": "D",
        "project": 9,
        "section": 1,
        "custom_strength": null
    }
},
{
    "model": "string_rota.seatingplan",
    "pk": 42,
    "fields": {
        "plan_status": "D",
        "project": 9,
        "section": 2,
        "custom_strength": null
    }
},
{
    "model": "string_rota.seatingplan",
    "pk": 43,
    "fields": {
        "plan_status": "D",
        "project": 9,
        "section": 3,
        "custom_strength": null
    }
},
{
    "model": "string_rota.seatingplan",
    "pk": 44,
    "fields": {
        "plan_status": "D",
        "project": 9,
        "section": 4,
        "custom_strength": null
    }
},
{
    "model": "string_rota.seatingplan",
    "pk": 45,
    "fields": {
        "plan_status": "D",
        "project": 9,
        "section": 5,
        "custom_strength": null
    }
},
{
    "model": "string_rota.seatingplan",
    "pk": 46,
    "fields": {
        "plan_status": "D",
        "project": 10,
        "section": 1,
        "custom_strength": null
    }
},
{
    "model": "string_rota.seatingplan",
    "pk": 47,
    "fields": {
        "plan_status": "D",
        "project": 10,
        "section": 2,
        "custom_strength": null
    }
},
{
    "model": "string_rota.seatingplan",
    "pk": 48,
    "fields": {
        "plan_status": "D",
        "project": 10,
        "section": 3,
        "custom_strength": null
    }
},
{
    "model": "string_rota.seatingplan",
    "pk": 49,
    "fields": {
        "plan_status": "D",
        "project": 10,
        "section": 4,
        "custom_strength": null
    }
},
{
    "model": "string_rota.seatingplan",
    "pk": 50,
    "fields": {
        "plan_status": "D",
        "project": 10,
        "section": 5,
        "custom_strength": null
    }
},
{
    "model": "string_rota.seatingplan",
    "pk": 51,
    "fields": {
        "plan_status": "D",
        "project": 11,
        "section": 1,
        "custom_strength": null
    }
},
{
    "model": "string_rota.seatingplan",
    "pk": 52,
    "fields": {
        "plan_status": "D",
        "project": 11,
        "section": 2,
        "custom_strength": null
    }
},
{
    "model": "string_rota.seatingplan",
    "pk": 53,
    "fields": {
        "plan_status": "D",
        "project": 11,
        "section": 3,
        "custom_strength": null
    }
},
{
    "model": "string_rota.seatingplan",
    "pk": 54,
    "fields": {
        "plan_status": "D",
        "project": 11,
        "section": 4,
        "custom_strength": null
    }
},
{
    "model": "string_rota.seatingplan",
    "pk": 55,
    "fields": {
        "plan_status": "D",
        "project": 11,
        "section": 5,
        "custom_strength": null
    }
},
{
    "model": "string_rota.playerproject",
    "pk": 1,
    "fields": {
        "performance_status": "NA",
        "off_reduced_rep": false,
        "trialist": false,
        "guest_principal": false,
        "project": 1,
        "player": 1
    }
},
{
    "model": "string_rota.playerproject",
    "pk": 2,
    "fields": {
        "performance_status": "NA",
        "off_reduced_rep": false,
        "trialist": false,
        "guest_principal": false,
        "project": 1,
        "player": 2
    }
},
{
    "model": "string_rota.playerproject",
    "pk": 3,
    "fields": {
        "performance_status": "NA",
        "off_reduced_rep": false,
        "trialist": false,
        "guest_principal": false,
        "project": 1,
        "player": 3
    }
},
{
    "model": "string_rota.playerproject",
    "pk": 4,
    "fields": {
        "performance_status": "NA",
        "off_reduced_rep": false,
        "trialist": false,
        "guest_principal": false,
        "project": 1,
        "player": 4
    }
},
{
    "model": "string_rota.playerproject",
    "pk": 5,
    "fields": {
        "performance_status": "NA",
        "off_reduced_rep": false,
        "trialist": false,
        "guest_principal": false,
        "project": 1,
        "player": 5
    }
},
{
    "model": "string_rota.playerproject",
    "pk": 6,
    "fields": {
        "performance_status": "NA",
        "off_reduced_rep": false,
        "trialist": false,
        "guest_principal": false,
        "project": 1,
        "player": 6
    }
},
{
    "model": "string_rota.playerproject",
    "pk": 7,
    "fields": {
        "performance_status": "NA",
        "off_reduced_rep": false,
        "trialist": false,
        "guest_principal": false,
        "project": 1,
        "player": 7
    }
},
{
    "model": "string_rota.playerproject",
    "pk": 8,
    "fields": {
        "performance_status": "NA",
        "off_reduced_rep": false,
        "trialist": false,
        "guest_principal": false,
        "project": 1,
        "player": 8
    }
},
{
    "model": "string_rota.playerproject",
    "pk": 9,
    "fields": {
        "performance_status": "NA",
        "off_reduced_rep": false,
        "trialist": false,
        "guest_principal": false,
        "project": 1,
        "player": 9
    }
},
{
    "model": "string_rota.playerproject",
    "pk": 10,
    "fields": {
        "performance_status": "NA",
        "off_reduced_rep": false,
        "trialist": false,
        "guest_principal": false,
        "project": 1,
        "player": 10
    }
},
{
    "model": "string_rota.playerproject",
    "pk": 11,
    "fields": {
        "performance_status": "NA",
        "off_reduced_rep": false,
        "trialist": false,
        "guest_principal": false,
        "project": 1,
        "player": 11
    }
},
{
    "model": "string_rota.playerproject",
    "pk": 12,
    "fields": {
        "performance_status": "NA",
        "off_reduced_rep": false,
        "trialist": false,
        "guest_principal": false,
        "project": 1,
        "player": 12
    }
},
{
    "model": "string_rota.playerproject",
    "pk": 13,
    "fields": {
        "performance_status": "NA",
        "off_reduced_rep": false,
        "trialist": false,
        "guest_principal": false,
        "project": 1,
        "player": 13
    }
},
{
    "model": "string_rota.playerproject",
    "pk": 14,
    "fields": {
        "performance_status": "NA",
        "off_reduced_rep": false,
        "trialist": false,
        "guest_principal": false,
        "project": 1,
        "player": 14
    }
},
{
    "model": "string_rota.playerproject",
    "pk": 15,
    "fields": {
        "performance_status": "NA",
        "off_reduced_rep": false,
        "trialist": false,
        "guest_principal": false,
        "project": 1,
        "player": 15
    }
},
{
    "model": "string_rota.playerproject",
    "pk": 16,
    "fields": {
        "performance_status": "NA",
        "off_reduced_rep": false,
        "trialist": false,
        "guest_principal": false,
        "project": 1,
        "player": 16
    }
},
{
    "model": "string_rota.playerproject",
    "pk": 17,
    "fields": {
        "performance_status": "NA",
        "off_reduced_rep": false,
        "trialist": false,
        "guest_principal": false,
        "project": 1,
        "player": 17
    }
},
{
    "model": "string_rota.playerproject",
    "pk": 18,
    "fields": {
        "performance_status": "NA",
        "off_reduced_rep": false,
        "trialist": false,
        "guest_principal": false,
        "project": 1,
        "player": 18
    }
},
{
    "model": "string_rota.playerproject",
    "pk": 19,
    "fields": {
        "performance_status": "NA",
        "off_reduced_rep": false,
        "trialist": false,
        "guest_principal": false,
        "project": 1,
        "player": 19
    }
},
{
    "model": "string_rota.playerproject",
    "pk": 20,
    "fields": {
        "performance_status": "NA",
        "off_reduced_rep": false,
        "trialist": false,
        "guest_principal": false,
        "project": 1,
        "player": 20
    }
},
{
    "model": "string_rota.playerproject",
    "pk": 21,
    "fields": {
        "performance_status": "NA",
        "off_reduced_rep": false,
        "trialist": false,
        "guest_principal": false,
        "project": 1,
        "player": 21
    }
},
{
    "model": "string_rota.playerproject",
    "pk": 22,
    "fields": {
        "performance_status": "NA",
        "off_reduced_rep": false,
        "trialist": false,
        "guest_principal": false,
        "project": 1,
        "player": 22
    }
},
{
    "model": "string_rota.playerproject",
    "pk": 23,
    "fields": {
        "performance_status": "NA",
        "off_reduced_rep": false,
        "trialist": false,
        "guest_principal": false,
        "project": 1,
        "player": 23
    }
},
{
    "model": "string_rota.playerproject",
    "pk": 24,
    "fields": {
        "performance_status": "NA",
        "off_reduced_rep": false,
        "trialist": false,
        "guest_principal": false,
        "project": 1,
        "player": 24
    }
},
{
    "model": "string_rota.playerproject",
    "pk": 25,
    "fields": {
        "performance_status": "NA",
        "off_reduced_rep": false,
        "trialist": false,
        "guest_principal": false,
        "project": 1,
        "player": 25
    }
},
{
    "model": "string_rota.playerproject",
    "pk": 26,
    "fields": {
        "performance_status": "NA",
        "off_reduced_rep": false,
        "trialist": false,
        "guest_principal": false,
        "project": 1,
        "player": 26
    }
},
{
    "model": "string_rota.playerproject",
    "pk": 27,
    "fields": {
        "performance_status": "NA",
        "off_reduced_rep": false,
        "trialist": false,
        "guest_principal": false,
        "project": 1,
        "player": 27
    }
},
{
    "model": "string_rota.playerproject",
    "pk": 28,
    "fields": {
        "performance_status": "NA",
        "off_reduced_rep": false,
        "trialist": false,
        "guest_principal": false,
        "project": 1,
        "player": 28
    }
},
{
    "model": "string_rota.playerproject",
    "pk": 29,
    "fields": {
        "performance_status": "NA",
        "off_reduced_rep": false,
        "trialist": false,
        "guest_principal": false,
        "project": 1,
        "player": 29
    }
},
{
    "model": "string_rota.playerproject",
    "pk": 30,
    "fields": {
        "performance_status": "NA",
        "off_reduced_rep": false,
        "trialist": false,
        "guest_principal": false,
        "project": 1,
        "player": 30
    }
},
{
    "model": "string_rota.playerproject",
    "pk": 31,
    "fields": {
        "performance_status": "NA",
        "off_reduced_rep": false,
        "trialist": false,
        "guest_principal": false,
        "project": 1,
        "player": 31
    }
},
{
    "model": "string_rota.playerproject",
    "pk": 32,
    "fields": {
        "performance_status": "NA",
        "off_reduced_rep": false,
        "trialist": false,
        "guest_principal": false,
        "project": 1,
        "player": 32
    }
},
{
    "model": "string_rota.playerproject",
    "pk": 33,
    "fields": {
        "performance_status": "NA",
        "off_reduced_rep": false,
        "trialist": false,
        "guest_principal": false,
        "project": 1,
        "player": 33
    }
},
{
    "model": "string_rota.playerproject",
    "pk": 34,
    "fields": {
        "performance_status": "NA",
        "off_reduced_rep": false,
        "trialist": false,
        "guest_principal": false,
        "project": 1,
        "player": 34
    }
},
{
    "model": "string_rota.playerproject",
    "pk": 35,
    "fields": {
        "performance_status": "NA",
        "off_reduced_rep": false,
        "trialist": false,
        "guest_principal": false,
        "project": 1,
        "player": 35
    }
},
{
    "model": "string_rota.playerproject",
    "pk": 36,
    "fields": {
        "performance_status": "NA",
        "off_reduced_rep": false,
        "trialist": false,
        "guest_principal": false,
        "project": 1,
        "player": 36
    }
},
{
    "model": "string_rota.playerproject",
    "pk": 37,
    "fields": {
        "performance_status": "NA",
        "off_reduced_rep": false,
        "trialist": false,
        "guest_principal": false,
        "project": 1,
        "player": 37
    }
},
{
    "model": "string_rota.playerproject",
    "pk": 38,
    "fields": {
        "performance_status": "NA",
        "off_reduced_rep": false,
        "trialist": false,
        "guest_principal": false,
        "project": 1,
        "player": 38
    }
},
{
    "model": "string_rota.playerproject",
    "pk": 39,
    "fields": {
        "performance_status": "NA",
        "off_reduced_rep": false,
        "trialist": false,
        "guest_principal": false,
        "project": 1,
        "player": 39
    }
},
{
    "model": "string_rota.playerproject",
    "pk": 40,
    "fields": {
        "performance_status": "NA",
        "off_reduced_rep": false,
        "trialist": false,
        "guest_principal": false,
        "project": 1,
        "player": 40
    }
},
{
    "model": "string_rota.playerproject",
    "pk": 41,
    "fields": {
        "performance_status": "NA",
        "off_reduced_rep": false,
        "trialist": false,
        "guest_principal": false,
        "project": 1,
        "player": 41
    }
},
{
    "model": "string_rota.playerproject",
    "pk": 42,
    "fields": {
        "performance_status": "NA",
        "off_reduced_rep": false,
        "trialist": false,
        "guest_principal": false,
        "project": 1,
        "player": 42
    }
},
{
    "model": "string_rota.playerproject",
    "pk": 43,
    "fields": {
        "performance_status": "NA",
        "off_reduced_rep": false,
        "trialist": false,
        "guest_principal": false,
        "project": 1,
        "player": 43
    }
},
{
    "model": "string_rota.playerproject",
    "pk": 44,
    "fields": {
        "performance_status": "NA",
        "off_reduced_rep": false,
        "trialist": false,
        "guest_principal": false,
        "project": 1,
        "player": 44
    }
},
{
    "model": "string_rota.playerproject",
    "pk": 45,
    "fields": {
        "performance_status": "NA",
        "off_reduced_rep": false,
        "trialist": false,
        "guest_principal": false,
        "project": 2,
        "player": 1
    }
},
{
    "model": "string_rota.playerproject",
    "pk": 46,
    "fields": {
        "performance_status": "NA",
        "off_reduced_rep": false,
        "trialist": false,
        "guest_principal": false,
        "project": 2,
        "player": 2
    }
},
{
    "model": "string_rota.playerproject",
    "pk": 47,
    "fields": {
        "performance_status": "NA",
        "off_reduced_rep": false,
        "trialist": false,
        "guest_principal": false,
        "project": 2,
        "player": 3
    }
},
{
    "model": "string_rota.playerproject",
    "pk": 48,
    "fields": {
        "performance_status": "NA",
        "off_reduced_rep": false,
        "trialist": false,
        "guest_principal": false,
        "project": 2,
        "player": 4
    }
},
{
    "model": "string_rota.playerproject",
    "pk": 49,
    "fields": {
        "performance_status": "NA",
        "off_reduced_rep": false,
        "trialist": false,
        "guest_principal": false,
        "project": 2,
        "player": 5
    }
},
{
    "model": "string_rota.playerproject",
    "pk": 50,
    "fields": {
        "performance_status": "NA",
        "off_reduced_rep": false,
        "trialist": false,
        "guest_principal": false,
        "project": 2,
        "player": 6
    }
},
{
    "model": "string_rota.playerproject",
    "pk": 51,
    "fields": {
        "performance_status": "NA",
        "off_reduced_rep": false,
        "trialist": false,
        "guest_principal": false,
        "project": 2,
        "player": 7
    }
},
{
    "model": "string_rota.playerproject",
    "pk": 52,
    "fields": {
        "performance_status": "NA",
        "off_reduced_rep": false,
        "trialist": false,
        "guest_principal": false,
        "project": 2,
        "player": 8
    }
},
{
    "model": "string_rota.playerproject",
    "pk": 53,
    "fields": {
        "performance_status": "NA",
        "off_reduced_rep": false,
        "trialist": false,
        "guest_principal": false,
        "project": 2,
        "player": 9
    }
},
{
    "model": "string_rota.playerproject",
    "pk": 54,
    "fields": {
        "performance_status": "NA",
        "off_reduced_rep": false,
        "trialist": false,
        "guest_principal": false,
        "project": 2,
        "player": 10
    }
},
{
    "model": "string_rota.playerproject",
    "pk": 55,
    "fields": {
        "performance_status": "NA",
        "off_reduced_rep": false,
        "trialist": false,
        "guest_principal": false,
        "project": 2,
        "player": 11
    }
},
{
    "model": "string_rota.playerproject",
    "pk": 56,
    "fields": {
        "performance_status": "NA",
        "off_reduced_rep": false,
        "trialist": false,
        "guest_principal": false,
        "project": 2,
        "player": 12
    }
},
{
    "model": "string_rota.playerproject",
    "pk": 57,
    "fields": {
        "performance_status": "NA",
        "off_reduced_rep": false,
        "trialist": false,
        "guest_principal": false,
        "project": 2,
        "player": 13
    }
},
{
    "model": "string_rota.playerproject",
    "pk": 58,
    "fields": {
        "performance_status": "NA",
        "off_reduced_rep": false,
        "trialist": false,
        "guest_principal": false,
        "project": 2,
        "player": 14
    }
},
{
    "model": "string_rota.playerproject",
    "pk": 59,
    "fields": {
        "performance_status": "NA",
        "off_reduced_rep": false,
        "trialist": false,
        "guest_principal": false,
        "project": 2,
        "player": 15
    }
},
{
    "model": "string_rota.playerproject",
    "pk": 60,
    "fields": {
        "performance_status": "NA",
        "off_reduced_rep": false,
        "trialist": false,
        "guest_principal": false,
        "project": 2,
        "player": 16
    }
},
{
    "model": "string_rota.playerproject",
    "pk": 61,
    "fields": {
        "performance_status": "NA",
        "off_reduced_rep": false,
        "trialist": false,
        "guest_principal": false,
        "project": 2,
        "player": 17
    }
},
{
    "model": "string_rota.playerproject",
    "pk": 62,
    "fields": {
        "performance_status": "NA",
        "off_reduced_rep": false,
        "trialist": false,
        "guest_principal": false,
        "project": 2,
        "player": 18
    }
},
{
    "model": "string_rota.playerproject",
    "pk": 63,
    "fields": {
        "performance_status": "NA",
        "off_reduced_rep": false,
        "trialist": false,
        "guest_principal": false,
        "project": 2,
        "player": 19
    }
},
{
    "model": "string_rota.playerproject",
    "pk": 64,
    "fields": {
        "performance_status": "NA",
        "off_reduced_rep": false,
        "trialist": false,
        "guest_principal": false,
        "project": 2,
        "player": 20
    }
},
{
    "model": "string_rota.playerproject",
    "pk": 65,
    "fields": {
        "performance_status": "NA",
        "off_reduced_rep": false,
        "trialist": false,
        "guest_principal": false,
        "project": 2,
        "player": 21
    }
},
{
    "model": "string_rota.playerproject",
    "pk": 66,
    "fields": {
        "performance_status": "NA",
        "off_reduced_rep": false,
        "trialist": false,
        "guest_principal": false,
        "project": 2,
        "player": 22
    }
},
{
    "model": "string_rota.playerproject",
    "pk": 67,
    "fields": {
        "performance_status": "NA",
        "off_reduced_rep": false,
        "trialist": false,
        "guest_principal": false,
        "project": 2,
        "player": 23
    }
},
{
    "model": "string_rota.playerproject",
    "pk": 68,
    "fields": {
        "performance_status": "NA",
        "off_reduced_rep": false,
        "trialist": false,
        "guest_principal": false,
        "project": 2,
        "player": 24
    }
},
{
    "model": "string_rota.playerproject",
    "pk": 69,
    "fields": {
        "performance_status": "NA",
        "off_reduced_rep": false,
        "trialist": false,
        "guest_principal": false,
        "project": 2,
        "player": 25
    }
},
{
    "model": "string_rota.playerproject",
    "pk": 70,
    "fields": {
        "performance_status": "NA",
        "off_reduced_rep": false,
        "trialist": false,
        "guest_principal": false,
        "project": 2,
        "player": 26
    }
},
{
    "model": "string_rota.playerproject",
    "pk": 71,
    "fields": {
        "performance_status": "NA",
        "off_reduced_rep": false,
        "trialist": false,
        "guest_principal": false,
        "project": 2,
        "player": 27
    }
},
{
    "model": "string_rota.playerproject",
    "pk": 72,
    "fields": {
        "performance_status": "NA",
        "off_reduced_rep": false,
        "trialist": false,
        "guest_principal": false,
        "project": 2,
        "player": 28
    }
},
{
    "model": "string_rota.playerproject",
    "pk": 73,
    "fields": {
        "performance_status": "NA",
        "off_reduced_rep": false,
        "trialist": false,
        "guest_principal": false,
        "project": 2,
        "player": 29
    }
},
{
    "model": "string_rota.playerproject",
    "pk": 74,
    "fields": {
        "performance_status": "NA",
        "off_reduced_rep": false,
        "trialist": false,
        "guest_principal": false,
        "project": 2,
        "player": 30
    }
},
{
    "model": "string_rota.playerproject",
    "pk": 75,
    "fields": {
        "performance_status": "NA",
        "off_reduced_rep": false,
        "trialist": false,
        "guest_principal": false,
        "project": 2,
        "player": 31
    }
},
{
    "model": "string_rota.playerproject",
    "pk": 76,
    "fields": {
        "performance_status": "NA",
        "off_reduced_rep": false,
        "trialist": false,
        "guest_principal": false,
        "project": 2,
        "player": 32
    }
},
{
    "model": "string_rota.playerproject",
    "pk": 77,
    "fields": {
        "performance_status": "NA",
        "off_reduced_rep": false,
        "trialist": false,
        "guest_principal": false,
        "project": 2,
        "player": 33
    }
},
{
    "model": "string_rota.playerproject",
    "pk": 78,
    "fields": {
        "performance_status": "NA",
        "off_reduced_rep": false,
        "trialist": false,
        "guest_principal": false,
        "project": 2,
        "player": 34
    }
},
{
    "model": "string_rota.playerproject",
    "pk": 79,
    "fields": {
        "performance_status": "NA",
        "off_reduced_rep": false,
        "trialist": false,
        "guest_principal": false,
        "project": 2,
        "player": 35
    }
},
{
    "model": "string_rota.playerproject",
    "pk": 80,
    "fields": {
        "performance_status": "NA",
        "off_reduced_rep": false,
        "trialist": false,
        "guest_principal": false,
        "project": 2,
        "player": 36
    }
},
{
    "model": "string_rota.playerproject",
    "pk": 81,
    "fields": {
        "performance_status": "NA",
        "off_reduced_rep": false,
        "trialist": false,
        "guest_principal": false,
        "project": 2,
        "player": 37
    }
},
{
    "model": "string_rota.playerproject",
    "pk": 82,
    "fields": {
        "performance_status": "NA",
        "off_reduced_rep": false,
        "trialist": false,
        "guest_principal": false,
        "project": 2,
        "player": 38
    }
},
{
    "model": "string_rota.playerproject",
    "pk": 83,
    "fields": {
        "performance_status": "NA",
        "off_reduced_rep": false,
        "trialist": false,
        "guest_principal": false,
        "project": 2,
        "player": 39
    }
},
{
    "model": "string_rota.playerproject",
    "pk": 84,
    "fields": {
        "performance_status": "NA",
        "off_reduced_rep": false,
        "trialist": false,
        "guest_principal": false,
        "project": 2,
        "player": 40
    }
},
{
    "model": "string_rota.playerproject",
    "pk": 85,
    "fields": {
        "performance_status": "NA",
        "off_reduced_rep": false,
        "trialist": false,
        "guest_principal": false,
        "project": 2,
        "player": 41
    }
},
{
    "model": "string_rota.playerproject",
    "pk": 86,
    "fields": {
        "performance_status": "NA",
        "off_reduced_rep": false,
        "trialist": false,
        "guest_principal": false,
        "project": 2,
        "player": 42
    }
},
{
    "model": "string_rota.playerproject",
    "pk": 87,
    "fields": {
        "performance_status": "NA",
        "off_reduced_rep": false,
        "trialist": false,
        "guest_principal": false,
        "project": 2,
        "player": 43
    }
},
{
    "model": "string_rota.playerproject",
    "pk": 88,
    "fields": {
        "performance_status": "NA",
        "off_reduced_rep": false,
        "trialist": false,
        "guest_principal": false,
        "project": 2,
        "player": 44
    }
},
{
    "model": "string_rota.playerproject",
    "pk": 89,
    "fields": {
        "performance_status": "NA",
        "off_reduced_rep": false,
        "trialist": false,
        "guest_principal": false,
        "project": 3,
        "player": 1
    }
},
{
    "model": "string_rota.playerproject",
    "pk": 90,
    "fields": {
        "performance_status": "NA",
        "off_reduced_rep": false,
        "trialist": false,
        "guest_principal": false,
        "project": 3,
        "player": 2
    }
},
{
    "model": "string_rota.playerproject",
    "pk": 91,
    "fields": {
        "performance_status": "NA",
        "off_reduced_rep": false,
        "trialist": false,
        "guest_principal": false,
        "project": 3,
        "player": 3
    }
},
{
    "model": "string_rota.playerproject",
    "pk": 92,
    "fields": {
        "performance_status": "NA",
        "off_reduced_rep": false,
        "trialist": false,
        "guest_principal": false,
        "project": 3,
        "player": 4
    }
},
{
    "model": "string_rota.playerproject",
    "pk": 93,
    "fields": {
        "performance_status": "NA",
        "off_reduced_rep": false,
        "trialist": false,
        "guest_principal": false,
        "project": 3,
        "player": 5
    }
},
{
    "model": "string_rota.playerproject",
    "pk": 94,
    "fields": {
        "performance_status": "NA",
        "off_reduced_rep": false,
        "trialist": false,
        "guest_principal": false,
        "project": 3,
        "player": 6
    }
},
{
    "model": "string_rota.playerproject",
    "pk": 95,
    "fields": {
        "performance_status": "NA",
        "off_reduced_rep": false,
        "trialist": false,
        "guest_principal": false,
        "project": 3,
        "player": 7
    }
},
{
    "model": "string_rota.playerproject",
    "pk": 96,
    "fields": {
        "performance_status": "NA",
        "off_reduced_rep": false,
        "trialist": false,
        "guest_principal": false,
        "project": 3,
        "player": 8
    }
},
{
    "model": "string_rota.playerproject",
    "pk": 97,
    "fields": {
        "performance_status": "NA",
        "off_reduced_rep": false,
        "trialist": false,
        "guest_principal": false,
        "project": 3,
        "player": 9
    }
},
{
    "model": "string_rota.playerproject",
    "pk": 98,
    "fields": {
        "performance_status": "NA",
        "off_reduced_rep": false,
        "trialist": false,
        "guest_principal": false,
        "project": 3,
        "player": 10
    }
},
{
    "model": "string_rota.playerproject",
    "pk": 99,
    "fields": {
        "performance_status": "NA",
        "off_reduced_rep": false,
        "trialist": false,
        "guest_principal": false,
        "project": 3,
        "player": 11
    }
},
{
    "model": "string_rota.playerproject",
    "pk": 100,
    "fields": {
        "performance_status": "NA",
        "off_reduced_rep": false,
        "trialist": false,
        "guest_principal": false,
        "project": 3,
        "player": 12
    }
},
{
    "model": "string_rota.playerproject",
    "pk": 101,
    "fields": {
        "performance_status": "NA",
        "off_reduced_rep": false,
        "trialist": false,
        "guest_principal": false,
        "project": 3,
        "player": 13
    }
},
{
    "model": "string_rota.playerproject",
    "pk": 102,
    "fields": {
        "performance_status": "NA",
        "off_reduced_rep": false,
        "trialist": false,
        "guest_principal": false,
        "project": 3,
        "player": 14
    }
},
{
    "model": "string_rota.playerproject",
    "pk": 103,
    "fields": {
        "performance_status": "NA",
        "off_reduced_rep": false,
        "trialist": false,
        "guest_principal": false,
        "project": 3,
        "player": 15
    }
},
{
    "model": "string_rota.playerproject",
    "pk": 104,
    "fields": {
        "performance_status": "NA",
        "off_reduced_rep": false,
        "trialist": false,
        "guest_principal": false,
        "project": 3,
        "player": 16
    }
},
{
    "model": "string_rota.playerproject",
    "pk": 105,
    "fields": {
        "performance_status": "NA",
        "off_reduced_rep": false,
        "trialist": false,
        "guest_principal": false,
        "project": 3,
        "player": 17
    }
},
{
    "model": "string_rota.playerproject",
    "pk": 106,
    "fields": {
        "performance_status": "NA",
        "off_reduced_rep": false,
        "trialist": false,
        "guest_principal": false,
        "project": 3,
        "player": 18
    }
},
{
    "model": "string_rota.playerproject",
    "pk": 107,
    "fields": {
        "performance_status": "NA",
        "off_reduced_rep": false,
        "trialist": false,
        "guest_principal": false,
        "project": 3,
        "player": 19
    }
},
{
    "model": "string_rota.playerproject",
    "pk": 108,
    "fields": {
        "performance_status": "NA",
        "off_reduced_rep": false,
        "trialist": false,
        "guest_principal": false,
        "project": 3,
        "player": 20
    }
},
{
    "model": "string_rota.playerproject",
    "pk": 109,
    "fields": {
        "performance_status": "NA",
        "off_reduced_rep": false,
        "trialist": false,
        "guest_principal": false,
        "project": 3,
        "player": 21
    }
},
{
    "model": "string_rota.playerproject",
    "pk": 110,
    "fields": {
        "performance_status": "NA",
        "off_reduced_rep": false,
        "trialist": false,
        "guest_principal": false,
        "project": 3,
        "player": 22
    }
},
{
    "model": "string_rota.playerproject",
    "pk": 111,
    "fields": {
        "performance_status": "NA",
        "off_reduced_rep": false,
        "trialist": false,
        "guest_principal": false,
        "project": 3,
        "player": 23
    }
},
{
    "model": "string_rota.playerproject",
    "pk": 112,
    "fields": {
        "performance_status": "NA",
        "off_reduced_rep": false,
        "trialist": false,
        "guest_principal": false,
        "project": 3,
        "player": 24
    }
},
{
    "model": "string_rota.playerproject",
    "pk": 113,
    "fields": {
        "performance_status": "NA",
        "off_reduced_rep": false,
        "trialist": false,
        "guest_principal": false,
        "project": 3,
        "player": 25
    }
},
{
    "model": "string_rota.playerproject",
    "pk": 114,
    "fields": {
        "performance_status": "NA",
        "off_reduced_rep": false,
        "trialist": false,
        "guest_principal": false,
        "project": 3,
        "player": 26
    }
},
{
    "model": "string_rota.playerproject",
    "pk": 115,
    "fields": {
        "performance_status": "NA",
        "off_reduced_rep": false,
        "trialist": false,
        "guest_principal": false,
        "project": 3,
        "player": 27
    }
},
{
    "model": "string_rota.playerproject",
    "pk": 116,
    "fields": {
        "performance_status": "NA",
        "off_reduced_rep": false,
        "trialist": false,
        "guest_principal": false,
        "project": 3,
        "player": 28
    }
},
{
    "model": "string_rota.playerproject",
    "pk": 117,
    "fields": {
        "performance_status": "NA",
        "off_reduced_rep": false,
        "trialist": false,
        "guest_principal": false,
        "project": 3,
        "player": 29
    }
},
{
    "model": "string_rota.playerproject",
    "pk": 118,
    "fields": {
        "performance_status": "NA",
        "off_reduced_rep": false,
        "trialist": false,
        "guest_principal": false,
        "project": 3,
        "player": 30
    }
},
{
    "model": "string_rota.playerproject",
    "pk": 119,
    "fields": {
        "performance_status": "NA",
        "off_reduced_rep": false,
        "trialist": false,
        "guest_principal": false,
        "project": 3,
        "player": 31
    }
},
{
    "model": "string_rota.playerproject",
    "pk": 120,
    "fields": {
        "performance_status": "NA",
        "off_reduced_rep": false,
        "trialist": false,
        "guest_principal": false,
        "project": 3,
        "player": 32
    }
},
{
    "model": "string_rota.playerproject",
    "pk": 121,
    "fields": {
        "performance_status": "NA",
        "off_reduced_rep": false,
        "trialist": false,
        "guest_principal": false,
        "project": 3,
        "player": 33
    }
},
{
    "model": "string_rota.playerproject",
    "pk": 122,
    "fields": {
        "performance_status": "NA",
        "off_reduced_rep": false,
        "trialist": false,
        "guest_principal": false,
        "project": 3,
        "player": 34
    }
},
{
    "model": "string_rota.playerproject",
    "pk": 123,
    "fields": {
        "performance_status": "PL",
        "off_reduced_rep": false,
        "trialist": false,
        "guest_principal": false,
        "project": 3,
        "player": 35
    }
},
{
    "model": "string_rota.playerproject",
    "pk": 124,
    "fields": {
        "performance_status": "PL",
        "off_reduced_rep": false,
        "trialist": false,
        "guest_principal": false,
        "project": 3,
        "player": 36
    }
},
{
    "model": "string_rota.playerproject",
    "pk": 125,
    "fields": {
        "performance_status": "NA",
        "off_reduced_rep": false,
        "trialist": false,
        "guest_principal": false,
        "project": 3,
        "player": 37
    }
},
{
    "model": "string_rota.playerproject",
    "pk": 126,
    "fields": {
        "performance_status": "NA",
        "off_reduced_rep": false,
        "trialist": false,
        "guest_principal": false,
        "project": 3,
        "player": 38
    }
},
{
    "model": "string_rota.playerproject",
    "pk": 127,
    "fields": {
        "performance_status": "NA",
        "off_reduced_rep": false,
        "trialist": false,
        "guest_principal": false,
        "project": 3,
        "player": 39
    }
},
{
    "model": "string_rota.playerproject",
    "pk": 128,
    "fields": {
        "performance_status": "NA",
        "off_reduced_rep": false,
        "trialist": false,
        "guest_principal": false,
        "project": 3,
        "player": 40
    }
},
{
    "model": "string_rota.playerproject",
    "pk": 129,
    "fields": {
        "performance_status": "NA",
        "off_reduced_rep": false,
        "trialist": false,
        "guest_principal": false,
        "project": 3,
        "player": 41
    }
},
{
    "model": "string_rota.playerproject",
    "pk": 130,
    "fields": {
        "performance_status": "NA",
        "off_reduced_rep": false,
        "trialist": false,
        "guest_principal": false,
        "project": 3,
        "player": 42
    }
},
{
    "model": "string_rota.playerproject",
    "pk": 131,
    "fields": {
        "performance_status": "NA",
        "off_reduced_rep": false,
        "trialist": false,
        "guest_principal": false,
        "project": 3,
        "player": 43
    }
},
{
    "model": "string_rota.playerproject",
    "pk": 132,
    "fields": {
        "performance_status": "NA",
        "off_reduced_rep": false,
        "trialist": false,
        "guest_principal": false,
        "project": 3,
        "player": 44
    }
},
{
    "model": "string_rota.playerproject",
    "pk": 133,
    "fields": {
        "performance_status": "NA",
        "off_reduced_rep": false,
        "trialist": false,
        "guest_principal": false,
        "project": 4,
        "player": 1
    }
},
{
    "model": "string_rota.playerproject",
    "pk": 134,
    "fields": {
        "performance_status": "NA",
        "off_reduced_rep": false,
        "trialist": false,
        "guest_principal": false,
        "project": 4,
        "player": 2
    }
},
{
    "model": "string_rota.playerproject",
    "pk": 135,
    "fields": {
        "performance_status": "NA",
        "off_reduced_rep": false,
        "trialist": false,
        "guest_principal": false,
        "project": 4,
        "player": 3
    }
},
{
    "model": "string_rota.playerproject",
    "pk": 136,
    "fields": {
        "performance_status": "NA",
        "off_reduced_rep": false,
        "trialist": false,
        "guest_principal": false,
        "project": 4,
        "player": 4
    }
},
{
    "model": "string_rota.playerproject",
    "pk": 137,
    "fields": {
        "performance_status": "NA",
        "off_reduced_rep": false,
        "trialist": false,
        "guest_principal": false,
        "project": 4,
        "player": 5
    }
},
{
    "model": "string_rota.playerproject",
    "pk": 138,
    "fields": {
        "performance_status": "NA",
        "off_reduced_rep": false,
        "trialist": false,
        "guest_principal": false,
        "project": 4,
        "player": 6
    }
},
{
    "model": "string_rota.playerproject",
    "pk": 139,
    "fields": {
        "performance_status": "NA",
        "off_reduced_rep": false,
        "trialist": false,
        "guest_principal": false,
        "project": 4,
        "player": 7
    }
},
{
    "model": "string_rota.playerproject",
    "pk": 140,
    "fields": {
        "performance_status": "NA",
        "off_reduced_rep": false,
        "trialist": false,
        "guest_principal": false,
        "project": 4,
        "player": 8
    }
},
{
    "model": "string_rota.playerproject",
    "pk": 141,
    "fields": {
        "performance_status": "NA",
        "off_reduced_rep": false,
        "trialist": false,
        "guest_principal": false,
        "project": 4,
        "player": 9
    }
},
{
    "model": "string_rota.playerproject",
    "pk": 142,
    "fields": {
        "performance_status": "NA",
        "off_reduced_rep": false,
        "trialist": false,
        "guest_principal": false,
        "project": 4,
        "player": 10
    }
},
{
    "model": "string_rota.playerproject",
    "pk": 143,
    "fields": {
        "performance_status": "NA",
        "off_reduced_rep": false,
        "trialist": false,
        "guest_principal": false,
        "project": 4,
        "player": 11
    }
},
{
    "model": "string_rota.playerproject",
    "pk": 144,
    "fields": {
        "performance_status": "NA",
        "off_reduced_rep": false,
        "trialist": false,
        "guest_principal": false,
        "project": 4,
        "player": 12
    }
},
{
    "model": "string_rota.playerproject",
    "pk": 145,
    "fields": {
        "performance_status": "NA",
        "off_reduced_rep": false,
        "trialist": false,
        "guest_principal": false,
        "project": 4,
        "player": 13
    }
},
{
    "model": "string_rota.playerproject",
    "pk": 146,
    "fields": {
        "performance_status": "NA",
        "off_reduced_rep": false,
        "trialist": false,
        "guest_principal": false,
        "project": 4,
        "player": 14
    }
},
{
    "model": "string_rota.playerproject",
    "pk": 147,
    "fields": {
        "performance_status": "NA",
        "off_reduced_rep": false,
        "trialist": false,
        "guest_principal": false,
        "project": 4,
        "player": 15
    }
},
{
    "model": "string_rota.playerproject",
    "pk": 148,
    "fields": {
        "performance_status": "NA",
        "off_reduced_rep": false,
        "trialist": false,
        "guest_principal": false,
        "project": 4,
        "player": 16
    }
},
{
    "model": "string_rota.playerproject",
    "pk": 149,
    "fields": {
        "performance_status": "NA",
        "off_reduced_rep": false,
        "trialist": false,
        "guest_principal": false,
        "project": 4,
        "player": 17
    }
},
{
    "model": "string_rota.playerproject",
    "pk": 150,
    "fields": {
        "performance_status": "NA",
        "off_reduced_rep": false,
        "trialist": false,
        "guest_principal": false,
        "project": 4,
        "player": 18
    }
},
{
    "model": "string_rota.playerproject",
    "pk": 151,
    "fields": {
        "performance_status": "NA",
        "off_reduced_rep": false,
        "trialist": false,
        "guest_principal": false,
        "project": 4,
        "player": 19
    }
},
{
    "model": "string_rota.playerproject",
    "pk": 152,
    "fields": {
        "performance_status": "NA",
        "off_reduced_rep": false,
        "trialist": false,
        "guest_principal": false,
        "project": 4,
        "player": 20
    }
},
{
    "model": "string_rota.playerproject",
    "pk": 153,
    "fields": {
        "performance_status": "NA",
        "off_reduced_rep": false,
        "trialist": false,
        "guest_principal": false,
        "project": 4,
        "player": 21
    }
},
{
    "model": "string_rota.playerproject",
    "pk": 154,
    "fields": {
        "performance_status": "NA",
        "off_reduced_rep": false,
        "trialist": false,
        "guest_principal": false,
        "project": 4,
        "player": 22
    }
},
{
    "model": "string_rota.playerproject",
    "pk": 155,
    "fields": {
        "performance_status": "NA",
        "off_reduced_rep": false,
        "trialist": false,
        "guest_principal": false,
        "project": 4,
        "player": 23
    }
},
{
    "model": "string_rota.playerproject",
    "pk": 156,
    "fields": {
        "performance_status": "NA",
        "off_reduced_rep": false,
        "trialist": false,
        "guest_principal": false,
        "project": 4,
        "player": 24
    }
},
{
    "model": "string_rota.playerproject",
    "pk": 157,
    "fields": {
        "performance_status": "NA",
        "off_reduced_rep": false,
        "trialist": false,
        "guest_principal": false,
        "project": 4,
        "player": 25
    }
},
{
    "model": "string_rota.playerproject",
    "pk": 158,
    "fields": {
        "performance_status": "NA",
        "off_reduced_rep": false,
        "trialist": false,
        "guest_principal": false,
        "project": 4,
        "player": 26
    }
},
{
    "model": "string_rota.playerproject",
    "pk": 159,
    "fields": {
        "performance_status": "NA",
        "off_reduced_rep": false,
        "trialist": false,
        "guest_principal": false,
        "project": 4,
        "player": 27
    }
},
{
    "model": "string_rota.playerproject",
    "pk": 160,
    "fields": {
        "performance_status": "NA",
        "off_reduced_rep": false,
        "trialist": false,
        "guest_principal": false,
        "project": 4,
        "player": 28
    }
},
{
    "model": "string_rota.playerproject",
    "pk": 161,
    "fields": {
        "performance_status": "NA",
        "off_reduced_rep": false,
        "trialist": false,
        "guest_principal": false,
        "project": 4,
        "player": 29
    }
},
{
    "model": "string_rota.playerproject",
    "pk": 162,
    "fields": {
        "performance_status": "NA",
        "off_reduced_rep": false,
        "trialist": false,
        "guest_principal": false,
        "project": 4,
        "player": 30
    }
},
{
    "model": "string_rota.playerproject",
    "pk": 163,
    "fields": {
        "performance_status": "NA",
        "off_reduced_rep": false,
        "trialist": false,
        "guest_principal": false,
        "project": 4,
        "player": 31
    }
},
{
    "model": "string_rota.playerproject",
    "pk": 164,
    "fields": {
        "performance_status": "NA",
        "off_reduced_rep": false,
        "trialist": false,
        "guest_principal": false,
        "project": 4,
        "player": 32
    }
},
{
    "model": "string_rota.playerproject",
    "pk": 165,
    "fields": {
        "performance_status": "NA",
        "off_reduced_rep": false,
        "trialist": false,
        "guest_principal": false,
        "project": 4,
        "player": 33
    }
},
{
    "model": "string_rota.playerproject",
    "pk": 166,
    "fields": {
        "performance_status": "NA",
        "off_reduced_rep": false,
        "trialist": false,
        "guest_principal": false,
        "project": 4,
        "player": 34
    }
},
{
    "model": "string_rota.playerproject",
    "pk": 167,
    "fields": {
        "performance_status": "NA",
        "off_reduced_rep": false,
        "trialist": false,
        "guest_principal": false,
        "project": 4,
        "player": 35
    }
},
{
    "model": "string_rota.playerproject",
    "pk": 168,
    "fields": {
        "performance_status": "NA",
        "off_reduced_rep": false,
        "trialist": false,
        "guest_principal": false,
        "project": 4,
        "player": 36
    }
},
{
    "model": "string_rota.playerproject",
    "pk": 169,
    "fields": {
        "performance_status": "NA",
        "off_reduced_rep": false,
        "trialist": false,
        "guest_principal": false,
        "project": 4,
        "player": 37
    }
},
{
    "model": "string_rota.playerproject",
    "pk": 170,
    "fields": {
        "performance_status": "NA",
        "off_reduced_rep": false,
        "trialist": false,
        "guest_principal": false,
        "project": 4,
        "player": 38
    }
},
{
    "model": "string_rota.playerproject",
    "pk": 171,
    "fields": {
        "performance_status": "NA",
        "off_reduced_rep": false,
        "trialist": false,
        "guest_principal": false,
        "project": 4,
        "player": 39
    }
},
{
    "model": "string_rota.playerproject",
    "pk": 172,
    "fields": {
        "performance_status": "NA",
        "off_reduced_rep": false,
        "trialist": false,
        "guest_principal": false,
        "project": 4,
        "player": 40
    }
},
{
    "model": "string_rota.playerproject",
    "pk": 173,
    "fields": {
        "performance_status": "NA",
        "off_reduced_rep": false,
        "trialist": false,
        "guest_principal": false,
        "project": 4,
        "player": 41
    }
},
{
    "model": "string_rota.playerproject",
    "pk": 174,
    "fields": {
        "performance_status": "NA",
        "off_reduced_rep": false,
        "trialist": false,
        "guest_principal": false,
        "project": 4,
        "player": 42
    }
},
{
    "model": "string_rota.playerproject",
    "pk": 175,
    "fields": {
        "performance_status": "NA",
        "off_reduced_rep": false,
        "trialist": false,
        "guest_principal": false,
        "project": 4,
        "player": 43
    }
},
{
    "model": "string_rota.playerproject",
    "pk": 176,
    "fields": {
        "performance_status": "NA",
        "off_reduced_rep": false,
        "trialist": false,
        "guest_principal": false,
        "project": 4,
        "player": 44
    }
},
{
    "model": "string_rota.playerproject",
    "pk": 177,
    "fields": {
        "performance_status": "NA",
        "off_reduced_rep": false,
        "trialist": false,
        "guest_principal": false,
        "project": 5,
        "player": 1
    }
},
{
    "model": "string_rota.playerproject",
    "pk": 178,
    "fields": {
        "performance_status": "NA",
        "off_reduced_rep": false,
        "trialist": false,
        "guest_principal": false,
        "project": 5,
        "player": 2
    }
},
{
    "model": "string_rota.playerproject",
    "pk": 179,
    "fields": {
        "performance_status": "NA",
        "off_reduced_rep": false,
        "trialist": false,
        "guest_principal": false,
        "project": 5,
        "player": 3
    }
},
{
    "model": "string_rota.playerproject",
    "pk": 180,
    "fields": {
        "performance_status": "NA",
        "off_reduced_rep": false,
        "trialist": false,
        "guest_principal": false,
        "project": 5,
        "player": 4
    }
},
{
    "model": "string_rota.playerproject",
    "pk": 181,
    "fields": {
        "performance_status": "NA",
        "off_reduced_rep": false,
        "trialist": false,
        "guest_principal": false,
        "project": 5,
        "player": 5
    }
},
{
    "model": "string_rota.playerproject",
    "pk": 182,
    "fields": {
        "performance_status": "NA",
        "off_reduced_rep": false,
        "trialist": false,
        "guest_principal": false,
        "project": 5,
        "player": 6
    }
},
{
    "model": "string_rota.playerproject",
    "pk": 183,
    "fields": {
        "performance_status": "NA",
        "off_reduced_rep": false,
        "trialist": false,
        "guest_principal": false,
        "project": 5,
        "player": 7
    }
},
{
    "model": "string_rota.playerproject",
    "pk": 184,
    "fields": {
        "performance_status": "NA",
        "off_reduced_rep": false,
        "trialist": false,
        "guest_principal": false,
        "project": 5,
        "player": 8
    }
},
{
    "model": "string_rota.playerproject",
    "pk": 185,
    "fields": {
        "performance_status": "NA",
        "off_reduced_rep": false,
        "trialist": false,
        "guest_principal": false,
        "project": 5,
        "player": 9
    }
},
{
    "model": "string_rota.playerproject",
    "pk": 186,
    "fields": {
        "performance_status": "NA",
        "off_reduced_rep": false,
        "trialist": false,
        "guest_principal": false,
        "project": 5,
        "player": 10
    }
},
{
    "model": "string_rota.playerproject",
    "pk": 187,
    "fields": {
        "performance_status": "NA",
        "off_reduced_rep": false,
        "trialist": false,
        "guest_principal": false,
        "project": 5,
        "player": 11
    }
},
{
    "model": "string_rota.playerproject",
    "pk": 188,
    "fields": {
        "performance_status": "NA",
        "off_reduced_rep": false,
        "trialist": false,
        "guest_principal": false,
        "project": 5,
        "player": 12
    }
},
{
    "model": "string_rota.playerproject",
    "pk": 189,
    "fields": {
        "performance_status": "NA",
        "off_reduced_rep": false,
        "trialist": false,
        "guest_principal": false,
        "project": 5,
        "player": 13
    }
},
{
    "model": "string_rota.playerproject",
    "pk": 190,
    "fields": {
        "performance_status": "NA",
        "off_reduced_rep": false,
        "trialist": false,
        "guest_principal": false,
        "project": 5,
        "player": 14
    }
},
{
    "model": "string_rota.playerproject",
    "pk": 191,
    "fields": {
        "performance_status": "NA",
        "off_reduced_rep": false,
        "trialist": false,
        "guest_principal": false,
        "project": 5,
        "player": 15
    }
},
{
    "model": "string_rota.playerproject",
    "pk": 192,
    "fields": {
        "performance_status": "NA",
        "off_reduced_rep": false,
        "trialist": false,
        "guest_principal": false,
        "project": 5,
        "player": 16
    }
},
{
    "model": "string_rota.playerproject",
    "pk": 193,
    "fields": {
        "performance_status": "NA",
        "off_reduced_rep": false,
        "trialist": false,
        "guest_principal": false,
        "project": 5,
        "player": 17
    }
},
{
    "model": "string_rota.playerproject",
    "pk": 194,
    "fields": {
        "performance_status": "NA",
        "off_reduced_rep": false,
        "trialist": false,
        "guest_principal": false,
        "project": 5,
        "player": 18
    }
},
{
    "model": "string_rota.playerproject",
    "pk": 195,
    "fields": {
        "performance_status": "NA",
        "off_reduced_rep": false,
        "trialist": false,
        "guest_principal": false,
        "project": 5,
        "player": 19
    }
},
{
    "model": "string_rota.playerproject",
    "pk": 196,
    "fields": {
        "performance_status": "NA",
        "off_reduced_rep": false,
        "trialist": false,
        "guest_principal": false,
        "project": 5,
        "player": 20
    }
},
{
    "model": "string_rota.playerproject",
    "pk": 197,
    "fields": {
        "performance_status": "NA",
        "off_reduced_rep": false,
        "trialist": false,
        "guest_principal": false,
        "project": 5,
        "player": 21
    }
},
{
    "model": "string_rota.playerproject",
    "pk": 198,
    "fields": {
        "performance_status": "NA",
        "off_reduced_rep": false,
        "trialist": false,
        "guest_principal": false,
        "project": 5,
        "player": 22
    }
},
{
    "model": "string_rota.playerproject",
    "pk": 199,
    "fields": {
        "performance_status": "NA",
        "off_reduced_rep": false,
        "trialist": false,
        "guest_principal": false,
        "project": 5,
        "player": 23
    }
},
{
    "model": "string_rota.playerproject",
    "pk": 200,
    "fields": {
        "performance_status": "NA",
        "off_reduced_rep": false,
        "trialist": false,
        "guest_principal": false,
        "project": 5,
        "player": 24
    }
},
{
    "model": "string_rota.playerproject",
    "pk": 201,
    "fields": {
        "performance_status": "NA",
        "off_reduced_rep": false,
        "trialist": false,
        "guest_principal": false,
        "project": 5,
        "player": 25
    }
},
{
    "model": "string_rota.playerproject",
    "pk": 202,
    "fields": {
        "performance_status": "NA",
        "off_reduced_rep": false,
        "trialist": false,
        "guest_principal": false,
        "project": 5,
        "player": 26
    }
},
{
    "model": "string_rota.playerproject",
    "pk": 203,
    "fields": {
        "performance_status": "NA",
        "off_reduced_rep": false,
        "trialist": false,
        "guest_principal": false,
        "project": 5,
        "player": 27
    }
},
{
    "model": "string_rota.playerproject",
    "pk": 204,
    "fields": {
        "performance_status": "NA",
        "off_reduced_rep": false,
        "trialist": false,
        "guest_principal": false,
        "project": 5,
        "player": 28
    }
},
{
    "model": "string_rota.playerproject",
    "pk": 205,
    "fields": {
        "performance_status": "NA",
        "off_reduced_rep": false,
        "trialist": false,
        "guest_principal": false,
        "project": 5,
        "player": 29
    }
},
{
    "model": "string_rota.playerproject",
    "pk": 206,
    "fields": {
        "performance_status": "NA",
        "off_reduced_rep": false,
        "trialist": false,
        "guest_principal": false,
        "project": 5,
        "player": 30
    }
},
{
    "model": "string_rota.playerproject",
    "pk": 207,
    "fields": {
        "performance_status": "NA",
        "off_reduced_rep": false,
        "trialist": false,
        "guest_principal": false,
        "project": 5,
        "player": 31
    }
},
{
    "model": "string_rota.playerproject",
    "pk": 208,
    "fields": {
        "performance_status": "NA",
        "off_reduced_rep": false,
        "trialist": false,
        "guest_principal": false,
        "project": 5,
        "player": 32
    }
},
{
    "model": "string_rota.playerproject",
    "pk": 209,
    "fields": {
        "performance_status": "NA",
        "off_reduced_rep": false,
        "trialist": false,
        "guest_principal": false,
        "project": 5,
        "player": 33
    }
},
{
    "model": "string_rota.playerproject",
    "pk": 210,
    "fields": {
        "performance_status": "NA",
        "off_reduced_rep": false,
        "trialist": false,
        "guest_principal": false,
        "project": 5,
        "player": 34
    }
},
{
    "model": "string_rota.playerproject",
    "pk": 211,
    "fields": {
        "performance_status": "NA",
        "off_reduced_rep": false,
        "trialist": false,
        "guest_principal": false,
        "project": 5,
        "player": 35
    }
},
{
    "model": "string_rota.playerproject",
    "pk": 212,
    "fields": {
        "performance_status": "NA",
        "off_reduced_rep": false,
        "trialist": false,
        "guest_principal": false,
        "project": 5,
        "player": 36
    }
},
{
    "model": "string_rota.playerproject",
    "pk": 213,
    "fields": {
        "performance_status": "NA",
        "off_reduced_rep": false,
        "trialist": false,
        "guest_principal": false,
        "project": 5,
        "player": 37
    }
},
{
    "model": "string_rota.playerproject",
    "pk": 214,
    "fields": {
        "performance_status": "NA",
        "off_reduced_rep": false,
        "trialist": false,
        "guest_principal": false,
        "project": 5,
        "player": 38
    }
},
{
    "model": "string_rota.playerproject",
    "pk": 215,
    "fields": {
        "performance_status": "NA",
        "off_reduced_rep": false,
        "trialist": false,
        "guest_principal": false,
        "project": 5,
        "player": 39
    }
},
{
    "model": "string_rota.playerproject",
    "pk": 216,
    "fields": {
        "performance_status": "NA",
        "off_reduced_rep": false,
        "trialist": false,
        "guest_principal": false,
        "project": 5,
        "player": 40
    }
},
{
    "model": "string_rota.playerproject",
    "pk": 217,
    "fields": {
        "performance_status": "NA",
        "off_reduced_rep": false,
        "trialist": false,
        "guest_principal": false,
        "project": 5,
        "player": 41
    }
},
{
    "model": "string_rota.playerproject",
    "pk": 218,
    "fields": {
        "performance_status": "NA",
        "off_reduced_rep": false,
        "trialist": false,
        "guest_principal": false,
        "project": 5,
        "player": 42
    }
},
{
    "model": "string_rota.playerproject",
    "pk": 219,
    "fields": {
        "performance_status": "NA",
        "off_reduced_rep": false,
        "trialist": false,
        "guest_principal": false,
        "project": 5,
        "player": 43
    }
},
{
    "model": "string_rota.playerproject",
    "pk": 220,
    "fields": {
        "performance_status": "NA",
        "off_reduced_rep": false,
        "trialist": false,
        "guest_principal": false,
        "project": 5,
        "player": 44
    }
},
{
    "model": "string_rota.playerproject",
    "pk": 221,
    "fields": {
        "performance_status": "NA",
        "off_reduced_rep": false,
        "trialist": false,
        "guest_principal": false,
        "project": 6,
        "player": 1
    }
},
{
    "model": "string_rota.playerproject",
    "pk": 222,
    "fields": {
        "performance_status": "NA",
        "off_reduced_rep": false,
        "trialist": false,
        "guest_principal": false,
        "project": 6,
        "player": 2
    }
},
{
    "model": "string_rota.playerproject",
    "pk": 223,
    "fields": {
        "performance_status": "NA",
        "off_reduced_rep": false,
        "trialist": false,
        "guest_principal": false,
        "project": 6,
        "player": 3
    }
},
{
    "model": "string_rota.playerproject",
    "pk": 224,
    "fields": {
        "performance_status": "NA",
        "off_reduced_rep": false,
        "trialist": false,
        "guest_principal": false,
        "project": 6,
        "player": 4
    }
},
{
    "model": "string_rota.playerproject",
    "pk": 225,
    "fields": {
        "performance_status": "NA",
        "off_reduced_rep": false,
        "trialist": false,
        "guest_principal": false,
        "project": 6,
        "player": 5
    }
},
{
    "model": "string_rota.playerproject",
    "pk": 226,
    "fields": {
        "performance_status": "NA",
        "off_reduced_rep": false,
        "trialist": false,
        "guest_principal": false,
        "project": 6,
        "player": 6
    }
},
{
    "model": "string_rota.playerproject",
    "pk": 227,
    "fields": {
        "performance_status": "NA",
        "off_reduced_rep": false,
        "trialist": false,
        "guest_principal": false,
        "project": 6,
        "player": 7
    }
},
{
    "model": "string_rota.playerproject",
    "pk": 228,
    "fields": {
        "performance_status": "NA",
        "off_reduced_rep": false,
        "trialist": false,
        "guest_principal": false,
        "project": 6,
        "player": 8
    }
},
{
    "model": "string_rota.playerproject",
    "pk": 229,
    "fields": {
        "performance_status": "NA",
        "off_reduced_rep": false,
        "trialist": false,
        "guest_principal": false,
        "project": 6,
        "player": 9
    }
},
{
    "model": "string_rota.playerproject",
    "pk": 230,
    "fields": {
        "performance_status": "NA",
        "off_reduced_rep": false,
        "trialist": false,
        "guest_principal": false,
        "project": 6,
        "player": 10
    }
},
{
    "model": "string_rota.playerproject",
    "pk": 231,
    "fields": {
        "performance_status": "NA",
        "off_reduced_rep": false,
        "trialist": false,
        "guest_principal": false,
        "project": 6,
        "player": 11
    }
},
{
    "model": "string_rota.playerproject",
    "pk": 232,
    "fields": {
        "performance_status": "NA",
        "off_reduced_rep": false,
        "trialist": false,
        "guest_principal": false,
        "project": 6,
        "player": 12
    }
},
{
    "model": "string_rota.playerproject",
    "pk": 233,
    "fields": {
        "performance_status": "NA",
        "off_reduced_rep": false,
        "trialist": false,
        "guest_principal": false,
        "project": 6,
        "player": 13
    }
},
{
    "model": "string_rota.playerproject",
    "pk": 234,
    "fields": {
        "performance_status": "NA",
        "off_reduced_rep": false,
        "trialist": false,
        "guest_principal": false,
        "project": 6,
        "player": 14
    }
},
{
    "model": "string_rota.playerproject",
    "pk": 235,
    "fields": {
        "performance_status": "NA",
        "off_reduced_rep": false,
        "trialist": false,
        "guest_principal": false,
        "project": 6,
        "player": 15
    }
},
{
    "model": "string_rota.playerproject",
    "pk": 236,
    "fields": {
        "performance_status": "NA",
        "off_reduced_rep": false,
        "trialist": false,
        "guest_principal": false,
        "project": 6,
        "player": 16
    }
},
{
    "model": "string_rota.playerproject",
    "pk": 237,
    "fields": {
        "performance_status": "NA",
        "off_reduced_rep": false,
        "trialist": false,
        "guest_principal": false,
        "project": 6,
        "player": 17
    }
},
{
    "model": "string_rota.playerproject",
    "pk": 238,
    "fields": {
        "performance_status": "NA",
        "off_reduced_rep": false,
        "trialist": false,
        "guest_principal": false,
        "project": 6,
        "player": 18
    }
},
{
    "model": "string_rota.playerproject",
    "pk": 239,
    "fields": {
        "performance_status": "NA",
        "off_reduced_rep": false,
        "trialist": false,
        "guest_principal": false,
        "project": 6,
        "player": 19
    }
},
{
    "model": "string_rota.playerproject",
    "pk": 240,
    "fields": {
        "performance_status": "NA",
        "off_reduced_rep": false,
        "trialist": false,
        "guest_principal": false,
        "project": 6,
        "player": 20
    }
},
{
    "model": "string_rota.playerproject",
    "pk": 241,
    "fields": {
        "performance_status": "NA",
        "off_reduced_rep": false,
        "trialist": false,
        "guest_principal": false,
        "project": 6,
        "player": 21
    }
},
{
    "model": "string_rota.playerproject",
    "pk": 242,
    "fields": {
        "performance_status": "NA",
        "off_reduced_rep": false,
        "trialist": false,
        "guest_principal": false,
        "project": 6,
        "player": 22
    }
},
{
    "model": "string_rota.playerproject",
    "pk": 243,
    "fields": {
        "performance_status": "NA",
        "off_reduced_rep": false,
        "trialist": false,
        "guest_principal": false,
        "project": 6,
        "player": 23
    }
},
{
    "model": "string_rota.playerproject",
    "pk": 244,
    "fields": {
        "performance_status": "NA",
        "off_reduced_rep": false,
        "trialist": false,
        "guest_principal": false,
        "project": 6,
        "player": 24
    }
},
{
    "model": "string_rota.playerproject",
    "pk": 245,
    "fields": {
        "performance_status": "NA",
        "off_reduced_rep": false,
        "trialist": false,
        "guest_principal": false,
        "project": 6,
        "player": 25
    }
},
{
    "model": "string_rota.playerproject",
    "pk": 246,
    "fields": {
        "performance_status": "NA",
        "off_reduced_rep": false,
        "trialist": false,
        "guest_principal": false,
        "project": 6,
        "player": 26
    }
},
{
    "model": "string_rota.playerproject",
    "pk": 247,
    "fields": {
        "performance_status": "NA",
        "off_reduced_rep": false,
        "trialist": false,
        "guest_principal": false,
        "project": 6,
        "player": 27
    }
},
{
    "model": "string_rota.playerproject",
    "pk": 248,
    "fields": {
        "performance_status": "NA",
        "off_reduced_rep": false,
        "trialist": false,
        "guest_principal": false,
        "project": 6,
        "player": 28
    }
},
{
    "model": "string_rota.playerproject",
    "pk": 249,
    "fields": {
        "performance_status": "NA",
        "off_reduced_rep": false,
        "trialist": false,
        "guest_principal": false,
        "project": 6,
        "player": 29
    }
},
{
    "model": "string_rota.playerproject",
    "pk": 250,
    "fields": {
        "performance_status": "NA",
        "off_reduced_rep": false,
        "trialist": false,
        "guest_principal": false,
        "project": 6,
        "player": 30
    }
},
{
    "model": "string_rota.playerproject",
    "pk": 251,
    "fields": {
        "performance_status": "NA",
        "off_reduced_rep": false,
        "trialist": false,
        "guest_principal": false,
        "project": 6,
        "player": 31
    }
},
{
    "model": "string_rota.playerproject",
    "pk": 252,
    "fields": {
        "performance_status": "NA",
        "off_reduced_rep": false,
        "trialist": false,
        "guest_principal": false,
        "project": 6,
        "player": 32
    }
},
{
    "model": "string_rota.playerproject",
    "pk": 253,
    "fields": {
        "performance_status": "NA",
        "off_reduced_rep": false,
        "trialist": false,
        "guest_principal": false,
        "project": 6,
        "player": 33
    }
},
{
    "model": "string_rota.playerproject",
    "pk": 254,
    "fields": {
        "performance_status": "NA",
        "off_reduced_rep": false,
        "trialist": false,
        "guest_principal": false,
        "project": 6,
        "player": 34
    }
},
{
    "model": "string_rota.playerproject",
    "pk": 255,
    "fields": {
        "performance_status": "NA",
        "off_reduced_rep": false,
        "trialist": false,
        "guest_principal": false,
        "project": 6,
        "player": 35
    }
},
{
    "model": "string_rota.playerproject",
    "pk": 256,
    "fields": {
        "performance_status": "NA",
        "off_reduced_rep": false,
        "trialist": false,
        "guest_principal": false,
        "project": 6,
        "player": 36
    }
},
{
    "model": "string_rota.playerproject",
    "pk": 257,
    "fields": {
        "performance_status": "NA",
        "off_reduced_rep": false,
        "trialist": false,
        "guest_principal": false,
        "project": 6,
        "player": 37
    }
},
{
    "model": "string_rota.playerproject",
    "pk": 258,
    "fields": {
        "performance_status": "NA",
        "off_reduced_rep": false,
        "trialist": false,
        "guest_principal": false,
        "project": 6,
        "player": 38
    }
},
{
    "model": "string_rota.playerproject",
    "pk": 259,
    "fields": {
        "performance_status": "NA",
        "off_reduced_rep": false,
        "trialist": false,
        "guest_principal": false,
        "project": 6,
        "player": 39
    }
},
{
    "model": "string_rota.playerproject",
    "pk": 260,
    "fields": {
        "performance_status": "NA",
        "off_reduced_rep": false,
        "trialist": false,
        "guest_principal": false,
        "project": 6,
        "player": 40
    }
},
{
    "model": "string_rota.playerproject",
    "pk": 261,
    "fields": {
        "performance_status": "NA",
        "off_reduced_rep": false,
        "trialist": false,
        "guest_principal": false,
        "project": 6,
        "player": 41
    }
},
{
    "model": "string_rota.playerproject",
    "pk": 262,
    "fields": {
        "performance_status": "NA",
        "off_reduced_rep": false,
        "trialist": false,
        "guest_principal": false,
        "project": 6,
        "player": 42
    }
},
{
    "model": "string_rota.playerproject",
    "pk": 263,
    "fields": {
        "performance_status": "NA",
        "off_reduced_rep": false,
        "trialist": false,
        "guest_principal": false,
        "project": 6,
        "player": 43
    }
},
{
    "model": "string_rota.playerproject",
    "pk": 264,
    "fields": {
        "performance_status": "NA",
        "off_reduced_rep": false,
        "trialist": false,
        "guest_principal": false,
        "project": 6,
        "player": 44
    }
},
{
    "model": "string_rota.playerproject",
    "pk": 265,
    "fields": {
        "performance_status": "NA",
        "off_reduced_rep": false,
        "trialist": false,
        "guest_principal": false,
        "project": 7,
        "player": 1
    }
},
{
    "model": "string_rota.playerproject",
    "pk": 266,
    "fields": {
        "performance_status": "NA",
        "off_reduced_rep": false,
        "trialist": false,
        "guest_principal": false,
        "project": 7,
        "player": 2
    }
},
{
    "model": "string_rota.playerproject",
    "pk": 267,
    "fields": {
        "performance_status": "NA",
        "off_reduced_rep": false,
        "trialist": false,
        "guest_principal": false,
        "project": 7,
        "player": 3
    }
},
{
    "model": "string_rota.playerproject",
    "pk": 268,
    "fields": {
        "performance_status": "NA",
        "off_reduced_rep": false,
        "trialist": false,
        "guest_principal": false,
        "project": 7,
        "player": 4
    }
},
{
    "model": "string_rota.playerproject",
    "pk": 269,
    "fields": {
        "performance_status": "NA",
        "off_reduced_rep": false,
        "trialist": false,
        "guest_principal": false,
        "project": 7,
        "player": 5
    }
},
{
    "model": "string_rota.playerproject",
    "pk": 270,
    "fields": {
        "performance_status": "NA",
        "off_reduced_rep": false,
        "trialist": false,
        "guest_principal": false,
        "project": 7,
        "player": 6
    }
},
{
    "model": "string_rota.playerproject",
    "pk": 271,
    "fields": {
        "performance_status": "NA",
        "off_reduced_rep": false,
        "trialist": false,
        "guest_principal": false,
        "project": 7,
        "player": 7
    }
},
{
    "model": "string_rota.playerproject",
    "pk": 272,
    "fields": {
        "performance_status": "NA",
        "off_reduced_rep": false,
        "trialist": false,
        "guest_principal": false,
        "project": 7,
        "player": 8
    }
},
{
    "model": "string_rota.playerproject",
    "pk": 273,
    "fields": {
        "performance_status": "NA",
        "off_reduced_rep": false,
        "trialist": false,
        "guest_principal": false,
        "project": 7,
        "player": 9
    }
},
{
    "model": "string_rota.playerproject",
    "pk": 274,
    "fields": {
        "performance_status": "NA",
        "off_reduced_rep": false,
        "trialist": false,
        "guest_principal": false,
        "project": 7,
        "player": 10
    }
},
{
    "model": "string_rota.playerproject",
    "pk": 275,
    "fields": {
        "performance_status": "NA",
        "off_reduced_rep": false,
        "trialist": false,
        "guest_principal": false,
        "project": 7,
        "player": 11
    }
},
{
    "model": "string_rota.playerproject",
    "pk": 276,
    "fields": {
        "performance_status": "NA",
        "off_reduced_rep": false,
        "trialist": false,
        "guest_principal": false,
        "project": 7,
        "player": 12
    }
},
{
    "model": "string_rota.playerproject",
    "pk": 277,
    "fields": {
        "performance_status": "NA",
        "off_reduced_rep": false,
        "trialist": false,
        "guest_principal": false,
        "project": 7,
        "player": 13
    }
},
{
    "model": "string_rota.playerproject",
    "pk": 278,
    "fields": {
        "performance_status": "NA",
        "off_reduced_rep": false,
        "trialist": false,
        "guest_principal": false,
        "project": 7,
        "player": 14
    }
},
{
    "model": "string_rota.playerproject",
    "pk": 279,
    "fields": {
        "performance_status": "NA",
        "off_reduced_rep": false,
        "trialist": false,
        "guest_principal": false,
        "project": 7,
        "player": 15
    }
},
{
    "model": "string_rota.playerproject",
    "pk": 280,
    "fields": {
        "performance_status": "NA",
        "off_reduced_rep": false,
        "trialist": false,
        "guest_principal": false,
        "project": 7,
        "player": 16
    }
},
{
    "model": "string_rota.playerproject",
    "pk": 281,
    "fields": {
        "performance_status": "NA",
        "off_reduced_rep": false,
        "trialist": false,
        "guest_principal": false,
        "project": 7,
        "player": 17
    }
},
{
    "model": "string_rota.playerproject",
    "pk": 282,
    "fields": {
        "performance_status": "NA",
        "off_reduced_rep": false,
        "trialist": false,
        "guest_principal": false,
        "project": 7,
        "player": 18
    }
},
{
    "model": "string_rota.playerproject",
    "pk": 283,
    "fields": {
        "performance_status": "NA",
        "off_reduced_rep": false,
        "trialist": false,
        "guest_principal": false,
        "project": 7,
        "player": 19
    }
},
{
    "model": "string_rota.playerproject",
    "pk": 284,
    "fields": {
        "performance_status": "NA",
        "off_reduced_rep": false,
        "trialist": false,
        "guest_principal": false,
        "project": 7,
        "player": 20
    }
},
{
    "model": "string_rota.playerproject",
    "pk": 285,
    "fields": {
        "performance_status": "NA",
        "off_reduced_rep": false,
        "trialist": false,
        "guest_principal": false,
        "project": 7,
        "player": 21
    }
},
{
    "model": "string_rota.playerproject",
    "pk": 286,
    "fields": {
        "performance_status": "NA",
        "off_reduced_rep": false,
        "trialist": false,
        "guest_principal": false,
        "project": 7,
        "player": 22
    }
},
{
    "model": "string_rota.playerproject",
    "pk": 287,
    "fields": {
        "performance_status": "NA",
        "off_reduced_rep": false,
        "trialist": false,
        "guest_principal": false,
        "project": 7,
        "player": 23
    }
},
{
    "model": "string_rota.playerproject",
    "pk": 288,
    "fields": {
        "performance_status": "NA",
        "off_reduced_rep": false,
        "trialist": false,
        "guest_principal": false,
        "project": 7,
        "player": 24
    }
},
{
    "model": "string_rota.playerproject",
    "pk": 289,
    "fields": {
        "performance_status": "NA",
        "off_reduced_rep": false,
        "trialist": false,
        "guest_principal": false,
        "project": 7,
        "player": 25
    }
},
{
    "model": "string_rota.playerproject",
    "pk": 290,
    "fields": {
        "performance_status": "NA",
        "off_reduced_rep": false,
        "trialist": false,
        "guest_principal": false,
        "project": 7,
        "player": 26
    }
},
{
    "model": "string_rota.playerproject",
    "pk": 291,
    "fields": {
        "performance_status": "NA",
        "off_reduced_rep": false,
        "trialist": false,
        "guest_principal": false,
        "project": 7,
        "player": 27
    }
},
{
    "model": "string_rota.playerproject",
    "pk": 292,
    "fields": {
        "performance_status": "NA",
        "off_reduced_rep": false,
        "trialist": false,
        "guest_principal": false,
        "project": 7,
        "player": 28
    }
},
{
    "model": "string_rota.playerproject",
    "pk": 293,
    "fields": {
        "performance_status": "NA",
        "off_reduced_rep": false,
        "trialist": false,
        "guest_principal": false,
        "project": 7,
        "player": 29
    }
},
{
    "model": "string_rota.playerproject",
    "pk": 294,
    "fields": {
        "performance_status": "NA",
        "off_reduced_rep": false,
        "trialist": false,
        "guest_principal": false,
        "project": 7,
        "player": 30
    }
},
{
    "model": "string_rota.playerproject",
    "pk": 295,
    "fields": {
        "performance_status": "NA",
        "off_reduced_rep": false,
        "trialist": false,
        "guest_principal": false,
        "project": 7,
        "player": 31
    }
},
{
    "model": "string_rota.playerproject",
    "pk": 296,
    "fields": {
        "performance_status": "NA",
        "off_reduced_rep": false,
        "trialist": false,
        "guest_principal": false,
        "project": 7,
        "player": 32
    }
},
{
    "model": "string_rota.playerproject",
    "pk": 297,
    "fields": {
        "performance_status": "NA",
        "off_reduced_rep": false,
        "trialist": false,
        "guest_principal": false,
        "project": 7,
        "player": 33
    }
},
{
    "model": "string_rota.playerproject",
    "pk": 298,
    "fields": {
        "performance_status": "NA",
        "off_reduced_rep": false,
        "trialist": false,
        "guest_principal": false,
        "project": 7,
        "player": 34
    }
},
{
    "model": "string_rota.playerproject",
    "pk": 299,
    "fields": {
        "performance_status": "NA",
        "off_reduced_rep": false,
        "trialist": false,
        "guest_principal": false,
        "project": 7,
        "player": 35
    }
},
{
    "model": "string_rota.playerproject",
    "pk": 300,
    "fields": {
        "performance_status": "NA",
        "off_reduced_rep": false,
        "trialist": false,
        "guest_principal": false,
        "project": 7,
        "player": 36
    }
},
{
    "model": "string_rota.playerproject",
    "pk": 301,
    "fields": {
        "performance_status": "NA",
        "off_reduced_rep": false,
        "trialist": false,
        "guest_principal": false,
        "project": 7,
        "player": 37
    }
},
{
    "model": "string_rota.playerproject",
    "pk": 302,
    "fields": {
        "performance_status": "NA",
        "off_reduced_rep": false,
        "trialist": false,
        "guest_principal": false,
        "project": 7,
        "player": 38
    }
},
{
    "model": "string_rota.playerproject",
    "pk": 303,
    "fields": {
        "performance_status": "NA",
        "off_reduced_rep": false,
        "trialist": false,
        "guest_principal": false,
        "project": 7,
        "player": 39
    }
},
{
    "model": "string_rota.playerproject",
    "pk": 304,
    "fields": {
        "performance_status": "NA",
        "off_reduced_rep": false,
        "trialist": false,
        "guest_principal": false,
        "project": 7,
        "player": 40
    }
},
{
    "model": "string_rota.playerproject",
    "pk": 305,
    "fields": {
        "performance_status": "NA",
        "off_reduced_rep": false,
        "trialist": false,
        "guest_principal": false,
        "project": 7,
        "player": 41
    }
},
{
    "model": "string_rota.playerproject",
    "pk": 306,
    "fields": {
        "performance_status": "NA",
        "off_reduced_rep": false,
        "trialist": false,
        "guest_principal": false,
        "project": 7,
        "player": 42
    }
},
{
    "model": "string_rota.playerproject",
    "pk": 307,
    "fields": {
        "performance_status": "NA",
        "off_reduced_rep": false,
        "trialist": false,
        "guest_principal": false,
        "project": 7,
        "player": 43
    }
},
{
    "model": "string_rota.playerproject",
    "pk": 308,
    "fields": {
        "performance_status": "NA",
        "off_reduced_rep": false,
        "trialist": false,
        "guest_principal": false,
        "project": 7,
        "player": 44
    }
},
{
    "model": "string_rota.playerproject",
    "pk": 309,
    "fields": {
        "performance_status": "NA",
        "off_reduced_rep": false,
        "trialist": false,
        "guest_principal": false,
        "project": 8,
        "player": 1
    }
},
{
    "model": "string_rota.playerproject",
    "pk": 310,
    "fields": {
        "performance_status": "NA",
        "off_reduced_rep": false,
        "trialist": false,
        "guest_principal": false,
        "project": 8,
        "player": 2
    }
},
{
    "model": "string_rota.playerproject",
    "pk": 311,
    "fields": {
        "performance_status": "NA",
        "off_reduced_rep": false,
        "trialist": false,
        "guest_principal": false,
        "project": 8,
        "player": 3
    }
},
{
    "model": "string_rota.playerproject",
    "pk": 312,
    "fields": {
        "performance_status": "NA",
        "off_reduced_rep": false,
        "trialist": false,
        "guest_principal": false,
        "project": 8,
        "player": 4
    }
},
{
    "model": "string_rota.playerproject",
    "pk": 313,
    "fields": {
        "performance_status": "NA",
        "off_reduced_rep": false,
        "trialist": false,
        "guest_principal": false,
        "project": 8,
        "player": 5
    }
},
{
    "model": "string_rota.playerproject",
    "pk": 314,
    "fields": {
        "performance_status": "NA",
        "off_reduced_rep": false,
        "trialist": false,
        "guest_principal": false,
        "project": 8,
        "player": 6
    }
},
{
    "model": "string_rota.playerproject",
    "pk": 315,
    "fields": {
        "performance_status": "NA",
        "off_reduced_rep": false,
        "trialist": false,
        "guest_principal": false,
        "project": 8,
        "player": 7
    }
},
{
    "model": "string_rota.playerproject",
    "pk": 316,
    "fields": {
        "performance_status": "NA",
        "off_reduced_rep": false,
        "trialist": false,
        "guest_principal": false,
        "project": 8,
        "player": 8
    }
},
{
    "model": "string_rota.playerproject",
    "pk": 317,
    "fields": {
        "performance_status": "NA",
        "off_reduced_rep": false,
        "trialist": false,
        "guest_principal": false,
        "project": 8,
        "player": 9
    }
},
{
    "model": "string_rota.playerproject",
    "pk": 318,
    "fields": {
        "performance_status": "NA",
        "off_reduced_rep": false,
        "trialist": false,
        "guest_principal": false,
        "project": 8,
        "player": 10
    }
},
{
    "model": "string_rota.playerproject",
    "pk": 319,
    "fields": {
        "performance_status": "NA",
        "off_reduced_rep": false,
        "trialist": false,
        "guest_principal": false,
        "project": 8,
        "player": 11
    }
},
{
    "model": "string_rota.playerproject",
    "pk": 320,
    "fields": {
        "performance_status": "NA",
        "off_reduced_rep": false,
        "trialist": false,
        "guest_principal": false,
        "project": 8,
        "player": 12
    }
},
{
    "model": "string_rota.playerproject",
    "pk": 321,
    "fields": {
        "performance_status": "NA",
        "off_reduced_rep": false,
        "trialist": false,
        "guest_principal": false,
        "project": 8,
        "player": 13
    }
},
{
    "model": "string_rota.playerproject",
    "pk": 322,
    "fields": {
        "performance_status": "NA",
        "off_reduced_rep": false,
        "trialist": false,
        "guest_principal": false,
        "project": 8,
        "player": 14
    }
},
{
    "model": "string_rota.playerproject",
    "pk": 323,
    "fields": {
        "performance_status": "NA",
        "off_reduced_rep": false,
        "trialist": false,
        "guest_principal": false,
        "project": 8,
        "player": 15
    }
},
{
    "model": "string_rota.playerproject",
    "pk": 324,
    "fields": {
        "performance_status": "NA",
        "off_reduced_rep": false,
        "trialist": false,
        "guest_principal": false,
        "project": 8,
        "player": 16
    }
},
{
    "model": "string_rota.playerproject",
    "pk": 325,
    "fields": {
        "performance_status": "NA",
        "off_reduced_rep": false,
        "trialist": false,
        "guest_principal": false,
        "project": 8,
        "player": 17
    }
},
{
    "model": "string_rota.playerproject",
    "pk": 326,
    "fields": {
        "performance_status": "NA",
        "off_reduced_rep": false,
        "trialist": false,
        "guest_principal": false,
        "project": 8,
        "player": 18
    }
},
{
    "model": "string_rota.playerproject",
    "pk": 327,
    "fields": {
        "performance_status": "NA",
        "off_reduced_rep": false,
        "trialist": false,
        "guest_principal": false,
        "project": 8,
        "player": 19
    }
},
{
    "model": "string_rota.playerproject",
    "pk": 328,
    "fields": {
        "performance_status": "NA",
        "off_reduced_rep": false,
        "trialist": false,
        "guest_principal": false,
        "project": 8,
        "player": 20
    }
},
{
    "model": "string_rota.playerproject",
    "pk": 329,
    "fields": {
        "performance_status": "NA",
        "off_reduced_rep": false,
        "trialist": false,
        "guest_principal": false,
        "project": 8,
        "player": 21
    }
},
{
    "model": "string_rota.playerproject",
    "pk": 330,
    "fields": {
        "performance_status": "NA",
        "off_reduced_rep": false,
        "trialist": false,
        "guest_principal": false,
        "project": 8,
        "player": 22
    }
},
{
    "model": "string_rota.playerproject",
    "pk": 331,
    "fields": {
        "performance_status": "NA",
        "off_reduced_rep": false,
        "trialist": false,
        "guest_principal": false,
        "project": 8,
        "player": 23
    }
},
{
    "model": "string_rota.playerproject",
    "pk": 332,
    "fields": {
        "performance_status": "NA",
        "off_reduced_rep": false,
        "trialist": false,
        "guest_principal": false,
        "project": 8,
        "player": 24
    }
},
{
    "model": "string_rota.playerproject",
    "pk": 333,
    "fields": {
        "performance_status": "NA",
        "off_reduced_rep": false,
        "trialist": false,
        "guest_principal": false,
        "project": 8,
        "player": 25
    }
},
{
    "model": "string_rota.playerproject",
    "pk": 334,
    "fields": {
        "performance_status": "NA",
        "off_reduced_rep": false,
        "trialist": false,
        "guest_principal": false,
        "project": 8,
        "player": 26
    }
},
{
    "model": "string_rota.playerproject",
    "pk": 335,
    "fields": {
        "performance_status": "NA",
        "off_reduced_rep": false,
        "trialist": false,
        "guest_principal": false,
        "project": 8,
        "player": 27
    }
},
{
    "model": "string_rota.playerproject",
    "pk": 336,
    "fields": {
        "performance_status": "NA",
        "off_reduced_rep": false,
        "trialist": false,
        "guest_principal": false,
        "project": 8,
        "player": 28
    }
},
{
    "model": "string_rota.playerproject",
    "pk": 337,
    "fields": {
        "performance_status": "NA",
        "off_reduced_rep": false,
        "trialist": false,
        "guest_principal": false,
        "project": 8,
        "player": 29
    }
},
{
    "model": "string_rota.playerproject",
    "pk": 338,
    "fields": {
        "performance_status": "NA",
        "off_reduced_rep": false,
        "trialist": false,
        "guest_principal": false,
        "project": 8,
        "player": 30
    }
},
{
    "model": "string_rota.playerproject",
    "pk": 339,
    "fields": {
        "performance_status": "NA",
        "off_reduced_rep": false,
        "trialist": false,
        "guest_principal": false,
        "project": 8,
        "player": 31
    }
},
{
    "model": "string_rota.playerproject",
    "pk": 340,
    "fields": {
        "performance_status": "NA",
        "off_reduced_rep": false,
        "trialist": false,
        "guest_principal": false,
        "project": 8,
        "player": 32
    }
},
{
    "model": "string_rota.playerproject",
    "pk": 341,
    "fields": {
        "performance_status": "NA",
        "off_reduced_rep": false,
        "trialist": false,
        "guest_principal": false,
        "project": 8,
        "player": 33
    }
},
{
    "model": "string_rota.playerproject",
    "pk": 342,
    "fields": {
        "performance_status": "NA",
        "off_reduced_rep": false,
        "trialist": false,
        "guest_principal": false,
        "project": 8,
        "player": 34
    }
},
{
    "model": "string_rota.playerproject",
    "pk": 343,
    "fields": {
        "performance_status": "NA",
        "off_reduced_rep": false,
        "trialist": false,
        "guest_principal": false,
        "project": 8,
        "player": 35
    }
},
{
    "model": "string_rota.playerproject",
    "pk": 344,
    "fields": {
        "performance_status": "NA",
        "off_reduced_rep": false,
        "trialist": false,
        "guest_principal": false,
        "project": 8,
        "player": 36
    }
},
{
    "model": "string_rota.playerproject",
    "pk": 345,
    "fields": {
        "performance_status": "NA",
        "off_reduced_rep": false,
        "trialist": false,
        "guest_principal": false,
        "project": 8,
        "player": 37
    }
},
{
    "model": "string_rota.playerproject",
    "pk": 346,
    "fields": {
        "performance_status": "NA",
        "off_reduced_rep": false,
        "trialist": false,
        "guest_principal": false,
        "project": 8,
        "player": 38
    }
},
{
    "model": "string_rota.playerproject",
    "pk": 347,
    "fields": {
        "performance_status": "NA",
        "off_reduced_rep": false,
        "trialist": false,
        "guest_principal": false,
        "project": 8,
        "player": 39
    }
},
{
    "model": "string_rota.playerproject",
    "pk": 348,
    "fields": {
        "performance_status": "NA",
        "off_reduced_rep": false,
        "trialist": false,
        "guest_principal": false,
        "project": 8,
        "player": 40
    }
},
{
    "model": "string_rota.playerproject",
    "pk": 349,
    "fields": {
        "performance_status": "NA",
        "off_reduced_rep": false,
        "trialist": false,
        "guest_principal": false,
        "project": 8,
        "player": 41
    }
},
{
    "model": "string_rota.playerproject",
    "pk": 350,
    "fields": {
        "performance_status": "NA",
        "off_reduced_rep": false,
        "trialist": false,
        "guest_principal": false,
        "project": 8,
        "player": 42
    }
},
{
    "model": "string_rota.playerproject",
    "pk": 351,
    "fields": {
        "performance_status": "NA",
        "off_reduced_rep": false,
        "trialist": false,
        "guest_principal": false,
        "project": 8,
        "player": 43
    }
},
{
    "model": "string_rota.playerproject",
    "pk": 352,
    "fields": {
        "performance_status": "NA",
        "off_reduced_rep": false,
        "trialist": false,
        "guest_principal": false,
        "project": 8,
        "player": 44
    }
},
{
    "model": "string_rota.playerproject",
    "pk": 353,
    "fields": {
        "performance_status": "NA",
        "off_reduced_rep": false,
        "trialist": false,
        "guest_principal": false,
        "project": 9,
        "player": 1
    }
},
{
    "model": "string_rota.playerproject",
    "pk": 354,
    "fields": {
        "performance_status": "NA",
        "off_reduced_rep": false,
        "trialist": false,
        "guest_principal": false,
        "project": 9,
        "player": 2
    }
},
{
    "model": "string_rota.playerproject",
    "pk": 355,
    "fields": {
        "performance_status": "NA",
        "off_reduced_rep": false,
        "trialist": false,
        "guest_principal": false,
        "project": 9,
        "player": 3
    }
},
{
    "model": "string_rota.playerproject",
    "pk": 356,
    "fields": {
        "performance_status": "NA",
        "off_reduced_rep": false,
        "trialist": false,
        "guest_principal": false,
        "project": 9,
        "player": 4
    }
},
{
    "model": "string_rota.playerproject",
    "pk": 357,
    "fields": {
        "performance_status": "NA",
        "off_reduced_rep": false,
        "trialist": false,
        "guest_principal": false,
        "project": 9,
        "player": 5
    }
},
{
    "model": "string_rota.playerproject",
    "pk": 358,
    "fields": {
        "performance_status": "NA",
        "off_reduced_rep": false,
        "trialist": false,
        "guest_principal": false,
        "project": 9,
        "player": 6
    }
},
{
    "model": "string_rota.playerproject",
    "pk": 359,
    "fields": {
        "performance_status": "NA",
        "off_reduced_rep": false,
        "trialist": false,
        "guest_principal": false,
        "project": 9,
        "player": 7
    }
},
{
    "model": "string_rota.playerproject",
    "pk": 360,
    "fields": {
        "performance_status": "NA",
        "off_reduced_rep": false,
        "trialist": false,
        "guest_principal": false,
        "project": 9,
        "player": 8
    }
},
{
    "model": "string_rota.playerproject",
    "pk": 361,
    "fields": {
        "performance_status": "NA",
        "off_reduced_rep": false,
        "trialist": false,
        "guest_principal": false,
        "project": 9,
        "player": 9
    }
},
{
    "model": "string_rota.playerproject",
    "pk": 362,
    "fields": {
        "performance_status": "NA",
        "off_reduced_rep": false,
        "trialist": false,
        "guest_principal": false,
        "project": 9,
        "player": 10
    }
},
{
    "model": "string_rota.playerproject",
    "pk": 363,
    "fields": {
        "performance_status": "NA",
        "off_reduced_rep": false,
        "trialist": false,
        "guest_principal": false,
        "project": 9,
        "player": 11
    }
},
{
    "model": "string_rota.playerproject",
    "pk": 364,
    "fields": {
        "performance_status": "NA",
        "off_reduced_rep": false,
        "trialist": false,
        "guest_principal": false,
        "project": 9,
        "player": 12
    }
},
{
    "model": "string_rota.playerproject",
    "pk": 365,
    "fields": {
        "performance_status": "NA",
        "off_reduced_rep": false,
        "trialist": false,
        "guest_principal": false,
        "project": 9,
        "player": 13
    }
},
{
    "model": "string_rota.playerproject",
    "pk": 366,
    "fields": {
        "performance_status": "NA",
        "off_reduced_rep": false,
        "trialist": false,
        "guest_principal": false,
        "project": 9,
        "player": 14
    }
},
{
    "model": "string_rota.playerproject",
    "pk": 367,
    "fields": {
        "performance_status": "NA",
        "off_reduced_rep": false,
        "trialist": false,
        "guest_principal": false,
        "project": 9,
        "player": 15
    }
},
{
    "model": "string_rota.playerproject",
    "pk": 368,
    "fields": {
        "performance_status": "NA",
        "off_reduced_rep": false,
        "trialist": false,
        "guest_principal": false,
        "project": 9,
        "player": 16
    }
},
{
    "model": "string_rota.playerproject",
    "pk": 369,
    "fields": {
        "performance_status": "NA",
        "off_reduced_rep": false,
        "trialist": false,
        "guest_principal": false,
        "project": 9,
        "player": 17
    }
},
{
    "model": "string_rota.playerproject",
    "pk": 370,
    "fields": {
        "performance_status": "NA",
        "off_reduced_rep": false,
        "trialist": false,
        "guest_principal": false,
        "project": 9,
        "player": 18
    }
},
{
    "model": "string_rota.playerproject",
    "pk": 371,
    "fields": {
        "performance_status": "NA",
        "off_reduced_rep": false,
        "trialist": false,
        "guest_principal": false,
        "project": 9,
        "player": 19
    }
},
{
    "model": "string_rota.playerproject",
    "pk": 372,
    "fields": {
        "performance_status": "NA",
        "off_reduced_rep": false,
        "trialist": false,
        "guest_principal": false,
        "project": 9,
        "player": 20
    }
},
{
    "model": "string_rota.playerproject",
    "pk": 373,
    "fields": {
        "performance_status": "NA",
        "off_reduced_rep": false,
        "trialist": false,
        "guest_principal": false,
        "project": 9,
        "player": 21
    }
},
{
    "model": "string_rota.playerproject",
    "pk": 374,
    "fields": {
        "performance_status": "NA",
        "off_reduced_rep": false,
        "trialist": false,
        "guest_principal": false,
        "project": 9,
        "player": 22
    }
},
{
    "model": "string_rota.playerproject",
    "pk": 375,
    "fields": {
        "performance_status": "NA",
        "off_reduced_rep": false,
        "trialist": false,
        "guest_principal": false,
        "project": 9,
        "player": 23
    }
},
{
    "model": "string_rota.playerproject",
    "pk": 376,
    "fields": {
        "performance_status": "NA",
        "off_reduced_rep": false,
        "trialist": false,
        "guest_principal": false,
        "project": 9,
        "player": 24
    }
},
{
    "model": "string_rota.playerproject",
    "pk": 377,
    "fields": {
        "performance_status": "NA",
        "off_reduced_rep": false,
        "trialist": false,
        "guest_principal": false,
        "project": 9,
        "player": 25
    }
},
{
    "model": "string_rota.playerproject",
    "pk": 378,
    "fields": {
        "performance_status": "NA",
        "off_reduced_rep": false,
        "trialist": false,
        "guest_principal": false,
        "project": 9,
        "player": 26
    }
},
{
    "model": "string_rota.playerproject",
    "pk": 379,
    "fields": {
        "performance_status": "NA",
        "off_reduced_rep": false,
        "trialist": false,
        "guest_principal": false,
        "project": 9,
        "player": 27
    }
},
{
    "model": "string_rota.playerproject",
    "pk": 380,
    "fields": {
        "performance_status": "NA",
        "off_reduced_rep": false,
        "trialist": false,
        "guest_principal": false,
        "project": 9,
        "player": 28
    }
},
{
    "model": "string_rota.playerproject",
    "pk": 381,
    "fields": {
        "performance_status": "NA",
        "off_reduced_rep": false,
        "trialist": false,
        "guest_principal": false,
        "project": 9,
        "player": 29
    }
},
{
    "model": "string_rota.playerproject",
    "pk": 382,
    "fields": {
        "performance_status": "NA",
        "off_reduced_rep": false,
        "trialist": false,
        "guest_principal": false,
        "project": 9,
        "player": 30
    }
},
{
    "model": "string_rota.playerproject",
    "pk": 383,
    "fields": {
        "performance_status": "NA",
        "off_reduced_rep": false,
        "trialist": false,
        "guest_principal": false,
        "project": 9,
        "player": 31
    }
},
{
    "model": "string_rota.playerproject",
    "pk": 384,
    "fields": {
        "performance_status": "NA",
        "off_reduced_rep": false,
        "trialist": false,
        "guest_principal": false,
        "project": 9,
        "player": 32
    }
},
{
    "model": "string_rota.playerproject",
    "pk": 385,
    "fields": {
        "performance_status": "NA",
        "off_reduced_rep": false,
        "trialist": false,
        "guest_principal": false,
        "project": 9,
        "player": 33
    }
},
{
    "model": "string_rota.playerproject",
    "pk": 386,
    "fields": {
        "performance_status": "NA",
        "off_reduced_rep": false,
        "trialist": false,
        "guest_principal": false,
        "project": 9,
        "player": 34
    }
},
{
    "model": "string_rota.playerproject",
    "pk": 387,
    "fields": {
        "performance_status": "NA",
        "off_reduced_rep": false,
        "trialist": false,
        "guest_principal": false,
        "project": 9,
        "player": 35
    }
},
{
    "model": "string_rota.playerproject",
    "pk": 388,
    "fields": {
        "performance_status": "NA",
        "off_reduced_rep": false,
        "trialist": false,
        "guest_principal": false,
        "project": 9,
        "player": 36
    }
},
{
    "model": "string_rota.playerproject",
    "pk": 389,
    "fields": {
        "performance_status": "NA",
        "off_reduced_rep": false,
        "trialist": false,
        "guest_principal": false,
        "project": 9,
        "player": 37
    }
},
{
    "model": "string_rota.playerproject",
    "pk": 390,
    "fields": {
        "performance_status": "NA",
        "off_reduced_rep": false,
        "trialist": false,
        "guest_principal": false,
        "project": 9,
        "player": 38
    }
},
{
    "model": "string_rota.playerproject",
    "pk": 391,
    "fields": {
        "performance_status": "NA",
        "off_reduced_rep": false,
        "trialist": false,
        "guest_principal": false,
        "project": 9,
        "player": 39
    }
},
{
    "model": "string_rota.playerproject",
    "pk": 392,
    "fields": {
        "performance_status": "NA",
        "off_reduced_rep": false,
        "trialist": false,
        "guest_principal": false,
        "project": 9,
        "player": 40
    }
},
{
    "model": "string_rota.playerproject",
    "pk": 393,
    "fields": {
        "performance_status": "NA",
        "off_reduced_rep": false,
        "trialist": false,
        "guest_principal": false,
        "project": 9,
        "player": 41
    }
},
{
    "model": "string_rota.playerproject",
    "pk": 394,
    "fields": {
        "performance_status": "NA",
        "off_reduced_rep": false,
        "trialist": false,
        "guest_principal": false,
        "project": 9,
        "player": 42
    }
},
{
    "model": "string_rota.playerproject",
    "pk": 395,
    "fields": {
        "performance_status": "NA",
        "off_reduced_rep": false,
        "trialist": false,
        "guest_principal": false,
        "project": 9,
        "player": 43
    }
},
{
    "model": "string_rota.playerproject",
    "pk": 396,
    "fields": {
        "performance_status": "NA",
        "off_reduced_rep": false,
        "trialist": false,
        "guest_principal": false,
        "project": 9,
        "player": 44
    }
},
{
    "model": "string_rota.playerproject",
    "pk": 397,
    "fields": {
        "performance_status": "NA",
        "off_reduced_rep": false,
        "trialist": false,
        "guest_principal": false,
        "project": 10,
        "player": 1
    }
},
{
    "model": "string_rota.playerproject",
    "pk": 398,
    "fields": {
        "performance_status": "NA",
        "off_reduced_rep": false,
        "trialist": false,
        "guest_principal": false,
        "project": 10,
        "player": 2
    }
},
{
    "model": "string_rota.playerproject",
    "pk": 399,
    "fields": {
        "performance_status": "NA",
        "off_reduced_rep": false,
        "trialist": false,
        "guest_principal": false,
        "project": 10,
        "player": 3
    }
},
{
    "model": "string_rota.playerproject",
    "pk": 400,
    "fields": {
        "performance_status": "NA",
        "off_reduced_rep": false,
        "trialist": false,
        "guest_principal": false,
        "project": 10,
        "player": 4
    }
},
{
    "model": "string_rota.playerproject",
    "pk": 401,
    "fields": {
        "performance_status": "NA",
        "off_reduced_rep": false,
        "trialist": false,
        "guest_principal": false,
        "project": 10,
        "player": 5
    }
},
{
    "model": "string_rota.playerproject",
    "pk": 402,
    "fields": {
        "performance_status": "NA",
        "off_reduced_rep": false,
        "trialist": false,
        "guest_principal": false,
        "project": 10,
        "player": 6
    }
},
{
    "model": "string_rota.playerproject",
    "pk": 403,
    "fields": {
        "performance_status": "NA",
        "off_reduced_rep": false,
        "trialist": false,
        "guest_principal": false,
        "project": 10,
        "player": 7
    }
},
{
    "model": "string_rota.playerproject",
    "pk": 404,
    "fields": {
        "performance_status": "NA",
        "off_reduced_rep": false,
        "trialist": false,
        "guest_principal": false,
        "project": 10,
        "player": 8
    }
},
{
    "model": "string_rota.playerproject",
    "pk": 405,
    "fields": {
        "performance_status": "NA",
        "off_reduced_rep": false,
        "trialist": false,
        "guest_principal": false,
        "project": 10,
        "player": 9
    }
},
{
    "model": "string_rota.playerproject",
    "pk": 406,
    "fields": {
        "performance_status": "NA",
        "off_reduced_rep": false,
        "trialist": false,
        "guest_principal": false,
        "project": 10,
        "player": 10
    }
},
{
    "model": "string_rota.playerproject",
    "pk": 407,
    "fields": {
        "performance_status": "NA",
        "off_reduced_rep": false,
        "trialist": false,
        "guest_principal": false,
        "project": 10,
        "player": 11
    }
},
{
    "model": "string_rota.playerproject",
    "pk": 408,
    "fields": {
        "performance_status": "NA",
        "off_reduced_rep": false,
        "trialist": false,
        "guest_principal": false,
        "project": 10,
        "player": 12
    }
},
{
    "model": "string_rota.playerproject",
    "pk": 409,
    "fields": {
        "performance_status": "NA",
        "off_reduced_rep": false,
        "trialist": false,
        "guest_principal": false,
        "project": 10,
        "player": 13
    }
},
{
    "model": "string_rota.playerproject",
    "pk": 410,
    "fields": {
        "performance_status": "NA",
        "off_reduced_rep": false,
        "trialist": false,
        "guest_principal": false,
        "project": 10,
        "player": 14
    }
},
{
    "model": "string_rota.playerproject",
    "pk": 411,
    "fields": {
        "performance_status": "NA",
        "off_reduced_rep": false,
        "trialist": false,
        "guest_principal": false,
        "project": 10,
        "player": 15
    }
},
{
    "model": "string_rota.playerproject",
    "pk": 412,
    "fields": {
        "performance_status": "NA",
        "off_reduced_rep": false,
        "trialist": false,
        "guest_principal": false,
        "project": 10,
        "player": 16
    }
},
{
    "model": "string_rota.playerproject",
    "pk": 413,
    "fields": {
        "performance_status": "NA",
        "off_reduced_rep": false,
        "trialist": false,
        "guest_principal": false,
        "project": 10,
        "player": 17
    }
},
{
    "model": "string_rota.playerproject",
    "pk": 414,
    "fields": {
        "performance_status": "NA",
        "off_reduced_rep": false,
        "trialist": false,
        "guest_principal": false,
        "project": 10,
        "player": 18
    }
},
{
    "model": "string_rota.playerproject",
    "pk": 415,
    "fields": {
        "performance_status": "NA",
        "off_reduced_rep": false,
        "trialist": false,
        "guest_principal": false,
        "project": 10,
        "player": 19
    }
},
{
    "model": "string_rota.playerproject",
    "pk": 416,
    "fields": {
        "performance_status": "NA",
        "off_reduced_rep": false,
        "trialist": false,
        "guest_principal": false,
        "project": 10,
        "player": 20
    }
},
{
    "model": "string_rota.playerproject",
    "pk": 417,
    "fields": {
        "performance_status": "NA",
        "off_reduced_rep": false,
        "trialist": false,
        "guest_principal": false,
        "project": 10,
        "player": 21
    }
},
{
    "model": "string_rota.playerproject",
    "pk": 418,
    "fields": {
        "performance_status": "NA",
        "off_reduced_rep": false,
        "trialist": false,
        "guest_principal": false,
        "project": 10,
        "player": 22
    }
},
{
    "model": "string_rota.playerproject",
    "pk": 419,
    "fields": {
        "performance_status": "NA",
        "off_reduced_rep": false,
        "trialist": false,
        "guest_principal": false,
        "project": 10,
        "player": 23
    }
},
{
    "model": "string_rota.playerproject",
    "pk": 420,
    "fields": {
        "performance_status": "NA",
        "off_reduced_rep": false,
        "trialist": false,
        "guest_principal": false,
        "project": 10,
        "player": 24
    }
},
{
    "model": "string_rota.playerproject",
    "pk": 421,
    "fields": {
        "performance_status": "NA",
        "off_reduced_rep": false,
        "trialist": false,
        "guest_principal": false,
        "project": 10,
        "player": 25
    }
},
{
    "model": "string_rota.playerproject",
    "pk": 422,
    "fields": {
        "performance_status": "NA",
        "off_reduced_rep": false,
        "trialist": false,
        "guest_principal": false,
        "project": 10,
        "player": 26
    }
},
{
    "model": "string_rota.playerproject",
    "pk": 423,
    "fields": {
        "performance_status": "NA",
        "off_reduced_rep": false,
        "trialist": false,
        "guest_principal": false,
        "project": 10,
        "player": 27
    }
},
{
    "model": "string_rota.playerproject",
    "pk": 424,
    "fields": {
        "performance_status": "NA",
        "off_reduced_rep": false,
        "trialist": false,
        "guest_principal": false,
        "project": 10,
        "player": 28
    }
},
{
    "model": "string_rota.playerproject",
    "pk": 425,
    "fields": {
        "performance_status": "NA",
        "off_reduced_rep": false,
        "trialist": false,
        "guest_principal": false,
        "project": 10,
        "player": 29
    }
},
{
    "model": "string_rota.playerproject",
    "pk": 426,
    "fields": {
        "performance_status": "NA",
        "off_reduced_rep": false,
        "trialist": false,
        "guest_principal": false,
        "project": 10,
        "player": 30
    }
},
{
    "model": "string_rota.playerproject",
    "pk": 427,
    "fields": {
        "performance_status": "NA",
        "off_reduced_rep": false,
        "trialist": false,
        "guest_principal": false,
        "project": 10,
        "player": 31
    }
},
{
    "model": "string_rota.playerproject",
    "pk": 428,
    "fields": {
        "performance_status": "NA",
        "off_reduced_rep": false,
        "trialist": false,
        "guest_principal": false,
        "project": 10,
        "player": 32
    }
},
{
    "model": "string_rota.playerproject",
    "pk": 429,
    "fields": {
        "performance_status": "NA",
        "off_reduced_rep": false,
        "trialist": false,
        "guest_principal": false,
        "project": 10,
        "player": 33
    }
},
{
    "model": "string_rota.playerproject",
    "pk": 430,
    "fields": {
        "performance_status": "NA",
        "off_reduced_rep": false,
        "trialist": false,
        "guest_principal": false,
        "project": 10,
        "player": 34
    }
},
{
    "model": "string_rota.playerproject",
    "pk": 431,
    "fields": {
        "performance_status": "NA",
        "off_reduced_rep": false,
        "trialist": false,
        "guest_principal": false,
        "project": 10,
        "player": 35
    }
},
{
    "model": "string_rota.playerproject",
    "pk": 432,
    "fields": {
        "performance_status": "NA",
        "off_reduced_rep": false,
        "trialist": false,
        "guest_principal": false,
        "project": 10,
        "player": 36
    }
},
{
    "model": "string_rota.playerproject",
    "pk": 433,
    "fields": {
        "performance_status": "NA",
        "off_reduced_rep": false,
        "trialist": false,
        "guest_principal": false,
        "project": 10,
        "player": 37
    }
},
{
    "model": "string_rota.playerproject",
    "pk": 434,
    "fields": {
        "performance_status": "NA",
        "off_reduced_rep": false,
        "trialist": false,
        "guest_principal": false,
        "project": 10,
        "player": 38
    }
},
{
    "model": "string_rota.playerproject",
    "pk": 435,
    "fields": {
        "performance_status": "NA",
        "off_reduced_rep": false,
        "trialist": false,
        "guest_principal": false,
        "project": 10,
        "player": 39
    }
},
{
    "model": "string_rota.playerproject",
    "pk": 436,
    "fields": {
        "performance_status": "NA",
        "off_reduced_rep": false,
        "trialist": false,
        "guest_principal": false,
        "project": 10,
        "player": 40
    }
},
{
    "model": "string_rota.playerproject",
    "pk": 437,
    "fields": {
        "performance_status": "NA",
        "off_reduced_rep": false,
        "trialist": false,
        "guest_principal": false,
        "project": 10,
        "player": 41
    }
},
{
    "model": "string_rota.playerproject",
    "pk": 438,
    "fields": {
        "performance_status": "NA",
        "off_reduced_rep": false,
        "trialist": false,
        "guest_principal": false,
        "project": 10,
        "player": 42
    }
},
{
    "model": "string_rota.playerproject",
    "pk": 439,
    "fields": {
        "performance_status": "NA",
        "off_reduced_rep": false,
        "trialist": false,
        "guest_principal": false,
        "project": 10,
        "player": 43
    }
},
{
    "model": "string_rota.playerproject",
    "pk": 440,
    "fields": {
        "performance_status": "NA",
        "off_reduced_rep": false,
        "trialist": false,
        "guest_principal": false,
        "project": 10,
        "player": 44
    }
},
{
    "model": "string_rota.playerproject",
    "pk": 441,
    "fields": {
        "performance_status": "NA",
        "off_reduced_rep": false,
        "trialist": false,
        "guest_principal": false,
        "project": 11,
        "player": 1
    }
},
{
    "model": "string_rota.playerproject",
    "pk": 442,
    "fields": {
        "performance_status": "NA",
        "off_reduced_rep": false,
        "trialist": false,
        "guest_principal": false,
        "project": 11,
        "player": 2
    }
},
{
    "model": "string_rota.playerproject",
    "pk": 443,
    "fields": {
        "performance_status": "NA",
        "off_reduced_rep": false,
        "trialist": false,
        "guest_principal": false,
        "project": 11,
        "player": 3
    }
},
{
    "model": "string_rota.playerproject",
    "pk": 444,
    "fields": {
        "performance_status": "NA",
        "off_reduced_rep": false,
        "trialist": false,
        "guest_principal": false,
        "project": 11,
        "player": 4
    }
},
{
    "model": "string_rota.playerproject",
    "pk": 445,
    "fields": {
        "performance_status": "NA",
        "off_reduced_rep": false,
        "trialist": false,
        "guest_principal": false,
        "project": 11,
        "player": 5
    }
},
{
    "model": "string_rota.playerproject",
    "pk": 446,
    "fields": {
        "performance_status": "NA",
        "off_reduced_rep": false,
        "trialist": false,
        "guest_principal": false,
        "project": 11,
        "player": 6
    }
},
{
    "model": "string_rota.playerproject",
    "pk": 447,
    "fields": {
        "performance_status": "NA",
        "off_reduced_rep": false,
        "trialist": false,
        "guest_principal": false,
        "project": 11,
        "player": 7
    }
},
{
    "model": "string_rota.playerproject",
    "pk": 448,
    "fields": {
        "performance_status": "NA",
        "off_reduced_rep": false,
        "trialist": false,
        "guest_principal": false,
        "project": 11,
        "player": 8
    }
},
{
    "model": "string_rota.playerproject",
    "pk": 449,
    "fields": {
        "performance_status": "NA",
        "off_reduced_rep": false,
        "trialist": false,
        "guest_principal": false,
        "project": 11,
        "player": 9
    }
},
{
    "model": "string_rota.playerproject",
    "pk": 450,
    "fields": {
        "performance_status": "NA",
        "off_reduced_rep": false,
        "trialist": false,
        "guest_principal": false,
        "project": 11,
        "player": 10
    }
},
{
    "model": "string_rota.playerproject",
    "pk": 451,
    "fields": {
        "performance_status": "NA",
        "off_reduced_rep": false,
        "trialist": false,
        "guest_principal": false,
        "project": 11,
        "player": 11
    }
},
{
    "model": "string_rota.playerproject",
    "pk": 452,
    "fields": {
        "performance_status": "NA",
        "off_reduced_rep": false,
        "trialist": false,
        "guest_principal": false,
        "project": 11,
        "player": 12
    }
},
{
    "model": "string_rota.playerproject",
    "pk": 453,
    "fields": {
        "performance_status": "NA",
        "off_reduced_rep": false,
        "trialist": false,
        "guest_principal": false,
        "project": 11,
        "player": 13
    }
},
{
    "model": "string_rota.playerproject",
    "pk": 454,
    "fields": {
        "performance_status": "NA",
        "off_reduced_rep": false,
        "trialist": false,
        "guest_principal": false,
        "project": 11,
        "player": 14
    }
},
{
    "model": "string_rota.playerproject",
    "pk": 455,
    "fields": {
        "performance_status": "NA",
        "off_reduced_rep": false,
        "trialist": false,
        "guest_principal": false,
        "project": 11,
        "player": 15
    }
},
{
    "model": "string_rota.playerproject",
    "pk": 456,
    "fields": {
        "performance_status": "NA",
        "off_reduced_rep": false,
        "trialist": false,
        "guest_principal": false,
        "project": 11,
        "player": 16
    }
},
{
    "model": "string_rota.playerproject",
    "pk": 457,
    "fields": {
        "performance_status": "NA",
        "off_reduced_rep": false,
        "trialist": false,
        "guest_principal": false,
        "project": 11,
        "player": 17
    }
},
{
    "model": "string_rota.playerproject",
    "pk": 458,
    "fields": {
        "performance_status": "NA",
        "off_reduced_rep": false,
        "trialist": false,
        "guest_principal": false,
        "project": 11,
        "player": 18
    }
},
{
    "model": "string_rota.playerproject",
    "pk": 459,
    "fields": {
        "performance_status": "NA",
        "off_reduced_rep": false,
        "trialist": false,
        "guest_principal": false,
        "project": 11,
        "player": 19
    }
},
{
    "model": "string_rota.playerproject",
    "pk": 460,
    "fields": {
        "performance_status": "NA",
        "off_reduced_rep": false,
        "trialist": false,
        "guest_principal": false,
        "project": 11,
        "player": 20
    }
},
{
    "model": "string_rota.playerproject",
    "pk": 461,
    "fields": {
        "performance_status": "NA",
        "off_reduced_rep": false,
        "trialist": false,
        "guest_principal": false,
        "project": 11,
        "player": 21
    }
},
{
    "model": "string_rota.playerproject",
    "pk": 462,
    "fields": {
        "performance_status": "NA",
        "off_reduced_rep": false,
        "trialist": false,
        "guest_principal": false,
        "project": 11,
        "player": 22
    }
},
{
    "model": "string_rota.playerproject",
    "pk": 463,
    "fields": {
        "performance_status": "NA",
        "off_reduced_rep": false,
        "trialist": false,
        "guest_principal": false,
        "project": 11,
        "player": 23
    }
},
{
    "model": "string_rota.playerproject",
    "pk": 464,
    "fields": {
        "performance_status": "NA",
        "off_reduced_rep": false,
        "trialist": false,
        "guest_principal": false,
        "project": 11,
        "player": 24
    }
},
{
    "model": "string_rota.playerproject",
    "pk": 465,
    "fields": {
        "performance_status": "NA",
        "off_reduced_rep": false,
        "trialist": false,
        "guest_principal": false,
        "project": 11,
        "player": 25
    }
},
{
    "model": "string_rota.playerproject",
    "pk": 466,
    "fields": {
        "performance_status": "NA",
        "off_reduced_rep": false,
        "trialist": false,
        "guest_principal": false,
        "project": 11,
        "player": 26
    }
},
{
    "model": "string_rota.playerproject",
    "pk": 467,
    "fields": {
        "performance_status": "NA",
        "off_reduced_rep": false,
        "trialist": false,
        "guest_principal": false,
        "project": 11,
        "player": 27
    }
},
{
    "model": "string_rota.playerproject",
    "pk": 468,
    "fields": {
        "performance_status": "NA",
        "off_reduced_rep": false,
        "trialist": false,
        "guest_principal": false,
        "project": 11,
        "player": 28
    }
},
{
    "model": "string_rota.playerproject",
    "pk": 469,
    "fields": {
        "performance_status": "NA",
        "off_reduced_rep": false,
        "trialist": false,
        "guest_principal": false,
        "project": 11,
        "player": 29
    }
},
{
    "model": "string_rota.playerproject",
    "pk": 470,
    "fields": {
        "performance_status": "NA",
        "off_reduced_rep": false,
        "trialist": false,
        "guest_principal": false,
        "project": 11,
        "player": 30
    }
},
{
    "model": "string_rota.playerproject",
    "pk": 471,
    "fields": {
        "performance_status": "NA",
        "off_reduced_rep": false,
        "trialist": false,
        "guest_principal": false,
        "project": 11,
        "player": 31
    }
},
{
    "model": "string_rota.playerproject",
    "pk": 472,
    "fields": {
        "performance_status": "NA",
        "off_reduced_rep": false,
        "trialist": false,
        "guest_principal": false,
        "project": 11,
        "player": 32
    }
},
{
    "model": "string_rota.playerproject",
    "pk": 473,
    "fields": {
        "performance_status": "NA",
        "off_reduced_rep": false,
        "trialist": false,
        "guest_principal": false,
        "project": 11,
        "player": 33
    }
},
{
    "model": "string_rota.playerproject",
    "pk": 474,
    "fields": {
        "performance_status": "NA",
        "off_reduced_rep": false,
        "trialist": false,
        "guest_principal": false,
        "project": 11,
        "player": 34
    }
},
{
    "model": "string_rota.playerproject",
    "pk": 475,
    "fields": {
        "performance_status": "NA",
        "off_reduced_rep": false,
        "trialist": false,
        "guest_principal": false,
        "project": 11,
        "player": 35
    }
},
{
    "model": "string_rota.playerproject",
    "pk": 476,
    "fields": {
        "performance_status": "NA",
        "off_reduced_rep": false,
        "trialist": false,
        "guest_principal": false,
        "project": 11,
        "player": 36
    }
},
{
    "model": "string_rota.playerproject",
    "pk": 477,
    "fields": {
        "performance_status": "NA",
        "off_reduced_rep": false,
        "trialist": false,
        "guest_principal": false,
        "project": 11,
        "player": 37
    }
},
{
    "model": "string_rota.playerproject",
    "pk": 478,
    "fields": {
        "performance_status": "NA",
        "off_reduced_rep": false,
        "trialist": false,
        "guest_principal": false,
        "project": 11,
        "player": 38
    }
},
{
    "model": "string_rota.playerproject",
    "pk": 479,
    "fields": {
        "performance_status": "NA",
        "off_reduced_rep": false,
        "trialist": false,
        "guest_principal": false,
        "project": 11,
        "player": 39
    }
},
{
    "model": "string_rota.playerproject",
    "pk": 480,
    "fields": {
        "performance_status": "NA",
        "off_reduced_rep": false,
        "trialist": false,
        "guest_principal": false,
        "project": 11,
        "player": 40
    }
},
{
    "model": "string_rota.playerproject",
    "pk": 481,
    "fields": {
        "performance_status": "NA",
        "off_reduced_rep": false,
        "trialist": false,
        "guest_principal": false,
        "project": 11,
        "player": 41
    }
},
{
    "model": "string_rota.playerproject",
    "pk": 482,
    "fields": {
        "performance_status": "NA",
        "off_reduced_rep": false,
        "trialist": false,
        "guest_principal": false,
        "project": 11,
        "player": 42
    }
},
{
    "model": "string_rota.playerproject",
    "pk": 483,
    "fields": {
        "performance_status": "NA",
        "off_reduced_rep": false,
        "trialist": false,
        "guest_principal": false,
        "project": 11,
        "player": 43
    }
},
{
    "model": "string_rota.playerproject",
    "pk": 484,
    "fields": {
        "performance_status": "NA",
        "off_reduced_rep": false,
        "trialist": false,
        "guest_principal": false,
        "project": 11,
        "player": 44
    }
},
{
    "model": "string_rota.playerproject",
    "pk": 485,
    "fields": {
        "performance_status": "NA",
        "off_reduced_rep": false,
        "trialist": false,
        "guest_principal": false,
        "project": 1,
        "player": 45
    }
},
{
    "model": "string_rota.playerproject",
    "pk": 486,
    "fields": {
        "performance_status": "NA",
        "off_reduced_rep": false,
        "trialist": false,
        "guest_principal": false,
        "project": 1,
        "player": 46
    }
},
{
    "model": "string_rota.playerproject",
    "pk": 487,
    "fields": {
        "performance_status": "NA",
        "off_reduced_rep": false,
        "trialist": false,
        "guest_principal": false,
        "project": 1,
        "player": 47
    }
},
{
    "model": "string_rota.playerproject",
    "pk": 488,
    "fields": {
        "performance_status": "NA",
        "off_reduced_rep": false,
        "trialist": false,
        "guest_principal": false,
        "project": 1,
        "player": 48
    }
},
{
    "model": "string_rota.playerproject",
    "pk": 489,
    "fields": {
        "performance_status": "NA",
        "off_reduced_rep": false,
        "trialist": false,
        "guest_principal": false,
        "project": 1,
        "player": 49
    }
},
{
    "model": "string_rota.playerproject",
    "pk": 490,
    "fields": {
        "performance_status": "NA",
        "off_reduced_rep": false,
        "trialist": false,
        "guest_principal": false,
        "project": 1,
        "player": 50
    }
},
{
    "model": "string_rota.playerproject",
    "pk": 491,
    "fields": {
        "performance_status": "NA",
        "off_reduced_rep": false,
        "trialist": false,
        "guest_principal": false,
        "project": 1,
        "player": 51
    }
},
{
    "model": "string_rota.playerproject",
    "pk": 492,
    "fields": {
        "performance_status": "NA",
        "off_reduced_rep": false,
        "trialist": false,
        "guest_principal": false,
        "project": 1,
        "player": 52
    }
},
{
    "model": "string_rota.playerproject",
    "pk": 493,
    "fields": {
        "performance_status": "NA",
        "off_reduced_rep": false,
        "trialist": false,
        "guest_principal": false,
        "project": 1,
        "player": 53
    }
},
{
    "model": "string_rota.playerproject",
    "pk": 494,
    "fields": {
        "performance_status": "NA",
        "off_reduced_rep": false,
        "trialist": false,
        "guest_principal": false,
        "project": 1,
        "player": 54
    }
},
{
    "model": "string_rota.playerproject",
    "pk": 495,
    "fields": {
        "performance_status": "NA",
        "off_reduced_rep": false,
        "trialist": false,
        "guest_principal": false,
        "project": 2,
        "player": 45
    }
},
{
    "model": "string_rota.playerproject",
    "pk": 496,
    "fields": {
        "performance_status": "NA",
        "off_reduced_rep": false,
        "trialist": false,
        "guest_principal": false,
        "project": 2,
        "player": 46
    }
},
{
    "model": "string_rota.playerproject",
    "pk": 497,
    "fields": {
        "performance_status": "NA",
        "off_reduced_rep": false,
        "trialist": false,
        "guest_principal": false,
        "project": 2,
        "player": 47
    }
},
{
    "model": "string_rota.playerproject",
    "pk": 498,
    "fields": {
        "performance_status": "NA",
        "off_reduced_rep": false,
        "trialist": false,
        "guest_principal": false,
        "project": 2,
        "player": 48
    }
},
{
    "model": "string_rota.playerproject",
    "pk": 499,
    "fields": {
        "performance_status": "NA",
        "off_reduced_rep": false,
        "trialist": false,
        "guest_principal": false,
        "project": 2,
        "player": 49
    }
},
{
    "model": "string_rota.playerproject",
    "pk": 500,
    "fields": {
        "performance_status": "NA",
        "off_reduced_rep": false,
        "trialist": false,
        "guest_principal": false,
        "project": 2,
        "player": 50
    }
},
{
    "model": "string_rota.playerproject",
    "pk": 501,
    "fields": {
        "performance_status": "NA",
        "off_reduced_rep": false,
        "trialist": false,
        "guest_principal": false,
        "project": 2,
        "player": 51
    }
},
{
    "model": "string_rota.playerproject",
    "pk": 502,
    "fields": {
        "performance_status": "NA",
        "off_reduced_rep": false,
        "trialist": false,
        "guest_principal": false,
        "project": 2,
        "player": 52
    }
},
{
    "model": "string_rota.playerproject",
    "pk": 503,
    "fields": {
        "performance_status": "NA",
        "off_reduced_rep": false,
        "trialist": false,
        "guest_principal": false,
        "project": 2,
        "player": 53
    }
},
{
    "model": "string_rota.playerproject",
    "pk": 504,
    "fields": {
        "performance_status": "NA",
        "off_reduced_rep": false,
        "trialist": false,
        "guest_principal": false,
        "project": 2,
        "player": 54
    }
},
{
    "model": "string_rota.playerproject",
    "pk": 505,
    "fields": {
        "performance_status": "NA",
        "off_reduced_rep": false,
        "trialist": false,
        "guest_principal": false,
        "project": 3,
        "player": 45
    }
},
{
    "model": "string_rota.playerproject",
    "pk": 506,
    "fields": {
        "performance_status": "NA",
        "off_reduced_rep": false,
        "trialist": false,
        "guest_principal": false,
        "project": 3,
        "player": 46
    }
},
{
    "model": "string_rota.playerproject",
    "pk": 507,
    "fields": {
        "performance_status": "NA",
        "off_reduced_rep": false,
        "trialist": false,
        "guest_principal": false,
        "project": 3,
        "player": 47
    }
},
{
    "model": "string_rota.playerproject",
    "pk": 508,
    "fields": {
        "performance_status": "NA",
        "off_reduced_rep": false,
        "trialist": false,
        "guest_principal": false,
        "project": 3,
        "player": 48
    }
},
{
    "model": "string_rota.playerproject",
    "pk": 509,
    "fields": {
        "performance_status": "NA",
        "off_reduced_rep": false,
        "trialist": false,
        "guest_principal": false,
        "project": 3,
        "player": 49
    }
},
{
    "model": "string_rota.playerproject",
    "pk": 510,
    "fields": {
        "performance_status": "NA",
        "off_reduced_rep": false,
        "trialist": false,
        "guest_principal": false,
        "project": 3,
        "player": 50
    }
},
{
    "model": "string_rota.playerproject",
    "pk": 511,
    "fields": {
        "performance_status": "NA",
        "off_reduced_rep": false,
        "trialist": false,
        "guest_principal": false,
        "project": 3,
        "player": 51
    }
},
{
    "model": "string_rota.playerproject",
    "pk": 512,
    "fields": {
        "performance_status": "NA",
        "off_reduced_rep": false,
        "trialist": false,
        "guest_principal": false,
        "project": 3,
        "player": 52
    }
},
{
    "model": "string_rota.playerproject",
    "pk": 513,
    "fields": {
        "performance_status": "NA",
        "off_reduced_rep": false,
        "trialist": false,
        "guest_principal": false,
        "project": 3,
        "player": 53
    }
},
{
    "model": "string_rota.playerproject",
    "pk": 514,
    "fields": {
        "performance_status": "NA",
        "off_reduced_rep": false,
        "trialist": false,
        "guest_principal": false,
        "project": 3,
        "player": 54
    }
},
{
    "model": "string_rota.playerproject",
    "pk": 515,
    "fields": {
        "performance_status": "NA",
        "off_reduced_rep": false,
        "trialist": false,
        "guest_principal": false,
        "project": 4,
        "player": 45
    }
},
{
    "model": "string_rota.playerproject",
    "pk": 516,
    "fields": {
        "performance_status": "NA",
        "off_reduced_rep": false,
        "trialist": false,
        "guest_principal": false,
        "project": 4,
        "player": 46
    }
},
{
    "model": "string_rota.playerproject",
    "pk": 517,
    "fields": {
        "performance_status": "NA",
        "off_reduced_rep": false,
        "trialist": false,
        "guest_principal": false,
        "project": 4,
        "player": 47
    }
},
{
    "model": "string_rota.playerproject",
    "pk": 518,
    "fields": {
        "performance_status": "NA",
        "off_reduced_rep": false,
        "trialist": false,
        "guest_principal": false,
        "project": 4,
        "player": 48
    }
},
{
    "model": "string_rota.playerproject",
    "pk": 519,
    "fields": {
        "performance_status": "NA",
        "off_reduced_rep": false,
        "trialist": false,
        "guest_principal": false,
        "project": 4,
        "player": 49
    }
},
{
    "model": "string_rota.playerproject",
    "pk": 520,
    "fields": {
        "performance_status": "NA",
        "off_reduced_rep": false,
        "trialist": false,
        "guest_principal": false,
        "project": 4,
        "player": 50
    }
},
{
    "model": "string_rota.playerproject",
    "pk": 521,
    "fields": {
        "performance_status": "NA",
        "off_reduced_rep": false,
        "trialist": false,
        "guest_principal": false,
        "project": 4,
        "player": 51
    }
},
{
    "model": "string_rota.playerproject",
    "pk": 522,
    "fields": {
        "performance_status": "NA",
        "off_reduced_rep": false,
        "trialist": false,
        "guest_principal": false,
        "project": 4,
        "player": 52
    }
},
{
    "model": "string_rota.playerproject",
    "pk": 523,
    "fields": {
        "performance_status": "NA",
        "off_reduced_rep": false,
        "trialist": false,
        "guest_principal": false,
        "project": 4,
        "player": 53
    }
},
{
    "model": "string_rota.playerproject",
    "pk": 524,
    "fields": {
        "performance_status": "NA",
        "off_reduced_rep": false,
        "trialist": false,
        "guest_principal": false,
        "project": 4,
        "player": 54
    }
},
{
    "model": "string_rota.playerproject",
    "pk": 525,
    "fields": {
        "performance_status": "NA",
        "off_reduced_rep": false,
        "trialist": false,
        "guest_principal": false,
        "project": 5,
        "player": 45
    }
},
{
    "model": "string_rota.playerproject",
    "pk": 526,
    "fields": {
        "performance_status": "NA",
        "off_reduced_rep": false,
        "trialist": false,
        "guest_principal": false,
        "project": 5,
        "player": 46
    }
},
{
    "model": "string_rota.playerproject",
    "pk": 527,
    "fields": {
        "performance_status": "NA",
        "off_reduced_rep": false,
        "trialist": false,
        "guest_principal": false,
        "project": 5,
        "player": 47
    }
},
{
    "model": "string_rota.playerproject",
    "pk": 528,
    "fields": {
        "performance_status": "NA",
        "off_reduced_rep": false,
        "trialist": false,
        "guest_principal": false,
        "project": 5,
        "player": 48
    }
},
{
    "model": "string_rota.playerproject",
    "pk": 529,
    "fields": {
        "performance_status": "NA",
        "off_reduced_rep": false,
        "trialist": false,
        "guest_principal": false,
        "project": 5,
        "player": 49
    }
},
{
    "model": "string_rota.playerproject",
    "pk": 530,
    "fields": {
        "performance_status": "NA",
        "off_reduced_rep": false,
        "trialist": false,
        "guest_principal": false,
        "project": 5,
        "player": 50
    }
},
{
    "model": "string_rota.playerproject",
    "pk": 531,
    "fields": {
        "performance_status": "NA",
        "off_reduced_rep": false,
        "trialist": false,
        "guest_principal": false,
        "project": 5,
        "player": 51
    }
},
{
    "model": "string_rota.playerproject",
    "pk": 532,
    "fields": {
        "performance_status": "NA",
        "off_reduced_rep": false,
        "trialist": false,
        "guest_principal": false,
        "project": 5,
        "player": 52
    }
},
{
    "model": "string_rota.playerproject",
    "pk": 533,
    "fields": {
        "performance_status": "NA",
        "off_reduced_rep": false,
        "trialist": false,
        "guest_principal": false,
        "project": 5,
        "player": 53
    }
},
{
    "model": "string_rota.playerproject",
    "pk": 534,
    "fields": {
        "performance_status": "NA",
        "off_reduced_rep": false,
        "trialist": false,
        "guest_principal": false,
        "project": 5,
        "player": 54
    }
},
{
    "model": "string_rota.playerproject",
    "pk": 535,
    "fields": {
        "performance_status": "NA",
        "off_reduced_rep": false,
        "trialist": false,
        "guest_principal": false,
        "project": 6,
        "player": 45
    }
},
{
    "model": "string_rota.playerproject",
    "pk": 536,
    "fields": {
        "performance_status": "NA",
        "off_reduced_rep": false,
        "trialist": false,
        "guest_principal": false,
        "project": 6,
        "player": 46
    }
},
{
    "model": "string_rota.playerproject",
    "pk": 537,
    "fields": {
        "performance_status": "NA",
        "off_reduced_rep": false,
        "trialist": false,
        "guest_principal": false,
        "project": 6,
        "player": 47
    }
},
{
    "model": "string_rota.playerproject",
    "pk": 538,
    "fields": {
        "performance_status": "NA",
        "off_reduced_rep": false,
        "trialist": false,
        "guest_principal": false,
        "project": 6,
        "player": 48
    }
},
{
    "model": "string_rota.playerproject",
    "pk": 539,
    "fields": {
        "performance_status": "NA",
        "off_reduced_rep": false,
        "trialist": false,
        "guest_principal": false,
        "project": 6,
        "player": 49
    }
},
{
    "model": "string_rota.playerproject",
    "pk": 540,
    "fields": {
        "performance_status": "NA",
        "off_reduced_rep": false,
        "trialist": false,
        "guest_principal": false,
        "project": 6,
        "player": 50
    }
},
{
    "model": "string_rota.playerproject",
    "pk": 541,
    "fields": {
        "performance_status": "NA",
        "off_reduced_rep": false,
        "trialist": false,
        "guest_principal": false,
        "project": 6,
        "player": 51
    }
},
{
    "model": "string_rota.playerproject",
    "pk": 542,
    "fields": {
        "performance_status": "NA",
        "off_reduced_rep": false,
        "trialist": false,
        "guest_principal": false,
        "project": 6,
        "player": 52
    }
},
{
    "model": "string_rota.playerproject",
    "pk": 543,
    "fields": {
        "performance_status": "NA",
        "off_reduced_rep": false,
        "trialist": false,
        "guest_principal": false,
        "project": 6,
        "player": 53
    }
},
{
    "model": "string_rota.playerproject",
    "pk": 544,
    "fields": {
        "performance_status": "NA",
        "off_reduced_rep": false,
        "trialist": false,
        "guest_principal": false,
        "project": 6,
        "player": 54
    }
},
{
    "model": "string_rota.playerproject",
    "pk": 545,
    "fields": {
        "performance_status": "NA",
        "off_reduced_rep": false,
        "trialist": false,
        "guest_principal": false,
        "project": 7,
        "player": 45
    }
},
{
    "model": "string_rota.playerproject",
    "pk": 546,
    "fields": {
        "performance_status": "NA",
        "off_reduced_rep": false,
        "trialist": false,
        "guest_principal": false,
        "project": 7,
        "player": 46
    }
},
{
    "model": "string_rota.playerproject",
    "pk": 547,
    "fields": {
        "performance_status": "NA",
        "off_reduced_rep": false,
        "trialist": false,
        "guest_principal": false,
        "project": 7,
        "player": 47
    }
},
{
    "model": "string_rota.playerproject",
    "pk": 548,
    "fields": {
        "performance_status": "NA",
        "off_reduced_rep": false,
        "trialist": false,
        "guest_principal": false,
        "project": 7,
        "player": 48
    }
},
{
    "model": "string_rota.playerproject",
    "pk": 549,
    "fields": {
        "performance_status": "NA",
        "off_reduced_rep": false,
        "trialist": false,
        "guest_principal": false,
        "project": 7,
        "player": 49
    }
},
{
    "model": "string_rota.playerproject",
    "pk": 550,
    "fields": {
        "performance_status": "NA",
        "off_reduced_rep": false,
        "trialist": false,
        "guest_principal": false,
        "project": 7,
        "player": 50
    }
},
{
    "model": "string_rota.playerproject",
    "pk": 551,
    "fields": {
        "performance_status": "NA",
        "off_reduced_rep": false,
        "trialist": false,
        "guest_principal": false,
        "project": 7,
        "player": 51
    }
},
{
    "model": "string_rota.playerproject",
    "pk": 552,
    "fields": {
        "performance_status": "NA",
        "off_reduced_rep": false,
        "trialist": false,
        "guest_principal": false,
        "project": 7,
        "player": 52
    }
},
{
    "model": "string_rota.playerproject",
    "pk": 553,
    "fields": {
        "performance_status": "NA",
        "off_reduced_rep": false,
        "trialist": false,
        "guest_principal": false,
        "project": 7,
        "player": 53
    }
},
{
    "model": "string_rota.playerproject",
    "pk": 554,
    "fields": {
        "performance_status": "NA",
        "off_reduced_rep": false,
        "trialist": false,
        "guest_principal": false,
        "project": 7,
        "player": 54
    }
},
{
    "model": "string_rota.playerproject",
    "pk": 555,
    "fields": {
        "performance_status": "NA",
        "off_reduced_rep": false,
        "trialist": false,
        "guest_principal": false,
        "project": 8,
        "player": 45
    }
},
{
    "model": "string_rota.playerproject",
    "pk": 556,
    "fields": {
        "performance_status": "NA",
        "off_reduced_rep": false,
        "trialist": false,
        "guest_principal": false,
        "project": 8,
        "player": 46
    }
},
{
    "model": "string_rota.playerproject",
    "pk": 557,
    "fields": {
        "performance_status": "NA",
        "off_reduced_rep": false,
        "trialist": false,
        "guest_principal": false,
        "project": 8,
        "player": 47
    }
},
{
    "model": "string_rota.playerproject",
    "pk": 558,
    "fields": {
        "performance_status": "NA",
        "off_reduced_rep": false,
        "trialist": false,
        "guest_principal": false,
        "project": 8,
        "player": 48
    }
},
{
    "model": "string_rota.playerproject",
    "pk": 559,
    "fields": {
        "performance_status": "NA",
        "off_reduced_rep": false,
        "trialist": false,
        "guest_principal": false,
        "project": 8,
        "player": 49
    }
},
{
    "model": "string_rota.playerproject",
    "pk": 560,
    "fields": {
        "performance_status": "NA",
        "off_reduced_rep": false,
        "trialist": false,
        "guest_principal": false,
        "project": 8,
        "player": 50
    }
},
{
    "model": "string_rota.playerproject",
    "pk": 561,
    "fields": {
        "performance_status": "NA",
        "off_reduced_rep": false,
        "trialist": false,
        "guest_principal": false,
        "project": 8,
        "player": 51
    }
},
{
    "model": "string_rota.playerproject",
    "pk": 562,
    "fields": {
        "performance_status": "NA",
        "off_reduced_rep": false,
        "trialist": false,
        "guest_principal": false,
        "project": 8,
        "player": 52
    }
},
{
    "model": "string_rota.playerproject",
    "pk": 563,
    "fields": {
        "performance_status": "NA",
        "off_reduced_rep": false,
        "trialist": false,
        "guest_principal": false,
        "project": 8,
        "player": 53
    }
},
{
    "model": "string_rota.playerproject",
    "pk": 564,
    "fields": {
        "performance_status": "NA",
        "off_reduced_rep": false,
        "trialist": false,
        "guest_principal": false,
        "project": 8,
        "player": 54
    }
},
{
    "model": "string_rota.playerproject",
    "pk": 565,
    "fields": {
        "performance_status": "NA",
        "off_reduced_rep": false,
        "trialist": false,
        "guest_principal": false,
        "project": 9,
        "player": 45
    }
},
{
    "model": "string_rota.playerproject",
    "pk": 566,
    "fields": {
        "performance_status": "NA",
        "off_reduced_rep": false,
        "trialist": false,
        "guest_principal": false,
        "project": 9,
        "player": 46
    }
},
{
    "model": "string_rota.playerproject",
    "pk": 567,
    "fields": {
        "performance_status": "NA",
        "off_reduced_rep": false,
        "trialist": false,
        "guest_principal": false,
        "project": 9,
        "player": 47
    }
},
{
    "model": "string_rota.playerproject",
    "pk": 568,
    "fields": {
        "performance_status": "NA",
        "off_reduced_rep": false,
        "trialist": false,
        "guest_principal": false,
        "project": 9,
        "player": 48
    }
},
{
    "model": "string_rota.playerproject",
    "pk": 569,
    "fields": {
        "performance_status": "NA",
        "off_reduced_rep": false,
        "trialist": false,
        "guest_principal": false,
        "project": 9,
        "player": 49
    }
},
{
    "model": "string_rota.playerproject",
    "pk": 570,
    "fields": {
        "performance_status": "NA",
        "off_reduced_rep": false,
        "trialist": false,
        "guest_principal": false,
        "project": 9,
        "player": 50
    }
},
{
    "model": "string_rota.playerproject",
    "pk": 571,
    "fields": {
        "performance_status": "NA",
        "off_reduced_rep": false,
        "trialist": false,
        "guest_principal": false,
        "project": 9,
        "player": 51
    }
},
{
    "model": "string_rota.playerproject",
    "pk": 572,
    "fields": {
        "performance_status": "NA",
        "off_reduced_rep": false,
        "trialist": false,
        "guest_principal": false,
        "project": 9,
        "player": 52
    }
},
{
    "model": "string_rota.playerproject",
    "pk": 573,
    "fields": {
        "performance_status": "NA",
        "off_reduced_rep": false,
        "trialist": false,
        "guest_principal": false,
        "project": 9,
        "player": 53
    }
},
{
    "model": "string_rota.playerproject",
    "pk": 574,
    "fields": {
        "performance_status": "NA",
        "off_reduced_rep": false,
        "trialist": false,
        "guest_principal": false,
        "project": 9,
        "player": 54
    }
},
{
    "model": "string_rota.playerproject",
    "pk": 575,
    "fields": {
        "performance_status": "NA",
        "off_reduced_rep": false,
        "trialist": false,
        "guest_principal": false,
        "project": 10,
        "player": 45
    }
},
{
    "model": "string_rota.playerproject",
    "pk": 576,
    "fields": {
        "performance_status": "NA",
        "off_reduced_rep": false,
        "trialist": false,
        "guest_principal": false,
        "project": 10,
        "player": 46
    }
},
{
    "model": "string_rota.playerproject",
    "pk": 577,
    "fields": {
        "performance_status": "NA",
        "off_reduced_rep": false,
        "trialist": false,
        "guest_principal": false,
        "project": 10,
        "player": 47
    }
},
{
    "model": "string_rota.playerproject",
    "pk": 578,
    "fields": {
        "performance_status": "NA",
        "off_reduced_rep": false,
        "trialist": false,
        "guest_principal": false,
        "project": 10,
        "player": 48
    }
},
{
    "model": "string_rota.playerproject",
    "pk": 579,
    "fields": {
        "performance_status": "NA",
        "off_reduced_rep": false,
        "trialist": false,
        "guest_principal": false,
        "project": 10,
        "player": 49
    }
},
{
    "model": "string_rota.playerproject",
    "pk": 580,
    "fields": {
        "performance_status": "NA",
        "off_reduced_rep": false,
        "trialist": false,
        "guest_principal": false,
        "project": 10,
        "player": 50
    }
},
{
    "model": "string_rota.playerproject",
    "pk": 581,
    "fields": {
        "performance_status": "NA",
        "off_reduced_rep": false,
        "trialist": false,
        "guest_principal": false,
        "project": 10,
        "player": 51
    }
},
{
    "model": "string_rota.playerproject",
    "pk": 582,
    "fields": {
        "performance_status": "NA",
        "off_reduced_rep": false,
        "trialist": false,
        "guest_principal": false,
        "project": 10,
        "player": 52
    }
},
{
    "model": "string_rota.playerproject",
    "pk": 583,
    "fields": {
        "performance_status": "NA",
        "off_reduced_rep": false,
        "trialist": false,
        "guest_principal": false,
        "project": 10,
        "player": 53
    }
},
{
    "model": "string_rota.playerproject",
    "pk": 584,
    "fields": {
        "performance_status": "NA",
        "off_reduced_rep": false,
        "trialist": false,
        "guest_principal": false,
        "project": 10,
        "player": 54
    }
},
{
    "model": "string_rota.playerproject",
    "pk": 585,
    "fields": {
        "performance_status": "NA",
        "off_reduced_rep": false,
        "trialist": false,
        "guest_principal": false,
        "project": 11,
        "player": 45
    }
},
{
    "model": "string_rota.playerproject",
    "pk": 586,
    "fields": {
        "performance_status": "NA",
        "off_reduced_rep": false,
        "trialist": false,
        "guest_principal": false,
        "project": 11,
        "player": 46
    }
},
{
    "model": "string_rota.playerproject",
    "pk": 587,
    "fields": {
        "performance_status": "NA",
        "off_reduced_rep": false,
        "trialist": false,
        "guest_principal": false,
        "project": 11,
        "player": 47
    }
},
{
    "model": "string_rota.playerproject",
    "pk": 588,
    "fields": {
        "performance_status": "NA",
        "off_reduced_rep": false,
        "trialist": false,
        "guest_principal": false,
        "project": 11,
        "player": 48
    }
},
{
    "model": "string_rota.playerproject",
    "pk": 589,
    "fields": {
        "performance_status": "NA",
        "off_reduced_rep": false,
        "trialist": false,
        "guest_principal": false,
        "project": 11,
        "player": 49
    }
},
{
    "model": "string_rota.playerproject",
    "pk": 590,
    "fields": {
        "performance_status": "NA",
        "off_reduced_rep": false,
        "trialist": false,
        "guest_principal": false,
        "project": 11,
        "player": 50
    }
},
{
    "model": "string_rota.playerproject",
    "pk": 591,
    "fields": {
        "performance_status": "NA",
        "off_reduced_rep": false,
        "trialist": false,
        "guest_principal": false,
        "project": 11,
        "player": 51
    }
},
{
    "model": "string_rota.playerproject",
    "pk": 592,
    "fields": {
        "performance_status": "NA",
        "off_reduced_rep": false,
        "trialist": false,
        "guest_principal": false,
        "project": 11,
        "player": 52
    }
},
{
    "model": "string_rota.playerproject",
    "pk": 593,
    "fields": {
        "performance_status": "NA",
        "off_reduced_rep": false,
        "trialist": false,
        "guest_principal": false,
        "project": 11,
        "player": 53
    }
},
{
    "model": "string_rota.playerproject",
    "pk": 594,
    "fields": {
        "performance_status": "NA",
        "off_reduced_rep": false,
        "trialist": false,
        "guest_principal": false,
        "project": 11,
        "player": 54
    }
}
]
